Player,Highest Points,Lowest Points,Avg Points,Highest Field Goals,Lowest Field Goals,Avg Field Goals,Highest FG Attempts,Lowest FG Attempts,Avg FG Attempts,Highest FG%,Lowest FG%,Avg FG%,Highest Three Pointers,Lowest Three Pointers,Avg Three Pointers,Highest 3P Attempts,Lowest 3P Attempts,Avg 3P Attempts,Highest 3P%,Lowest 3P%,Avg 3P%,Highest Free Throws,Lowest Free Throws,Avg Free Throws,Highest FT Attempts,Lowest FT Attempts,Avg FT Attempts,Highest FT%,Lowest FT%,Avg FT%,Highest ORB,Lowest ORB,Avg ORB,Highest DRB,Lowest DRB,Avg DRB,Highest TRB,Lowest TRB,Avg TRB,Highest Assists,Lowest Assists,Avg Assists,Highest Blocks,Lowest Blocks,Avg Blocks,Highest Steals,Lowest Steals,Avg Steals,Highest Turnovers,Lowest Turnovers,Avg Turnovers,Highest Personal Fouls,Lowest Personal Fouls,Avg Personal Fouls
Al Horford,27.0,2.0,12.875,11.0,1.0,5.111111111111111,18.0,4.0,10.458333333333334,0.889,0.143,0.4852638888888888,4.0,0.0,1.3472222222222223,7.0,0.0,3.138888888888889,1.0,0.0,0.4572394366197183,6.0,0.0,1.3055555555555556,7.0,0.0,1.6666666666666667,1.0,0.0,0.7395365853658536,5.0,0.0,1.4305555555555556,11.0,2.0,5.930555555555555,14.0,2.0,7.361111111111111,11.0,0.0,4.708333333333333,3.0,0.0,1.0833333333333333,3.0,0.0,0.5972222222222222,6.0,0.0,1.8333333333333333,6.0,0.0,1.9166666666666667
Allan Houston,39.0,4.0,18.705128205128204,16.0,1.0,6.948717948717949,27.0,7.0,15.487179487179487,0.8,0.111,0.44380769230769235,5.0,0.0,1.2307692307692308,9.0,0.0,3.230769230769231,1.0,0.0,0.356958904109589,11.0,0.0,3.576923076923077,12.0,0.0,3.9358974358974357,1.0,0.0,0.9187887323943661,2.0,0.0,0.2564102564102564,8.0,0.0,3.371794871794872,9.0,0.0,3.628205128205128,7.0,0.0,2.217948717948718,2.0,0.0,0.1282051282051282,4.0,0.0,0.6666666666666666,6.0,0.0,2.0641025641025643,6.0,0.0,2.4358974358974357
Allen Iverson,38.0,2.0,17.45614035087719,13.0,0.0,6.105263157894737,28.0,4.0,14.631578947368421,0.625,0.0,0.40561403508771926,4.0,0.0,0.49122807017543857,7.0,0.0,1.736842105263158,1.0,0.0,0.20327027027027028,15.0,0.0,4.754385964912281,16.0,0.0,6.087719298245614,1.0,0.333,0.7815636363636365,3.0,0.0,0.5263157894736842,6.0,0.0,2.508771929824561,7.0,0.0,3.0350877192982457,12.0,1.0,4.964912280701754,2.0,0.0,0.10526315789473684,4.0,0.0,1.543859649122807,6.0,0.0,2.56140350877193,4.0,0.0,1.5087719298245614
Alonzo Mourning,28.0,4.0,15.706666666666667,12.0,2.0,5.96,20.0,6.0,11.546666666666667,0.875,0.25,0.527,1.0,0.0,0.013333333333333334,2.0,0.0,0.04,0.5,0.0,0.25,14.0,0.0,3.7733333333333334,17.0,0.0,5.746666666666667,1.0,0.0,0.6414861111111111,7.0,0.0,2.4266666666666667,11.0,1.0,6.0,14.0,2.0,8.426666666666666,4.0,0.0,1.16,7.0,0.0,2.48,3.0,0.0,0.36,7.0,0.0,2.4266666666666667,6.0,0.0,3.44
Amar'e Stoudemire,41.0,13.0,25.26923076923077,17.0,4.0,9.538461538461538,32.0,10.0,19.0,0.833,0.238,0.506551282051282,2.0,0.0,0.1282051282051282,3.0,0.0,0.2948717948717949,1.0,0.0,0.4479375,14.0,0.0,6.064102564102564,16.0,0.0,7.653846153846154,1.0,0.0,0.7762894736842104,8.0,0.0,2.5384615384615383,11.0,0.0,5.615384615384615,16.0,1.0,8.153846153846153,7.0,0.0,2.58974358974359,6.0,0.0,1.9230769230769231,4.0,0.0,0.9102564102564102,11.0,0.0,3.2051282051282053,6.0,0.0,3.5128205128205128
Andre Drummond,30.0,3.0,15.012820512820513,12.0,1.0,5.9743589743589745,18.0,4.0,11.294871794871796,1.0,0.143,0.5280641025641025,0.0,0.0,0.0,1.0,0.0,0.14102564102564102,0.0,0.0,0.0,14.0,0.0,3.0641025641025643,16.0,0.0,5.064102564102564,1.0,0.0,0.5906133333333334,11.0,1.0,5.115384615384615,20.0,4.0,10.871794871794872,27.0,6.0,15.987179487179487,8.0,0.0,3.0384615384615383,6.0,0.0,1.6282051282051282,5.0,0.0,1.4615384615384615,6.0,0.0,2.5641025641025643,6.0,0.0,3.2051282051282053
Andre Iguodala,23.0,3.0,12.435483870967742,9.0,1.0,4.629032258064516,16.0,3.0,10.193548387096774,1.0,0.167,0.4617741935483871,4.0,0.0,1.2258064516129032,8.0,0.0,3.1129032258064515,1.0,0.0,0.38476666666666665,6.0,0.0,1.9516129032258065,9.0,0.0,3.161290322580645,1.0,0.0,0.59025,3.0,0.0,0.9032258064516129,12.0,1.0,5.241935483870968,13.0,1.0,6.145161290322581,11.0,1.0,5.467741935483871,4.0,0.0,0.4838709677419355,5.0,0.0,1.7258064516129032,4.0,0.0,1.8548387096774193,4.0,0.0,1.4838709677419355
Andrei Kirilenko,31.0,3.0,16.46153846153846,9.0,0.0,5.282051282051282,20.0,4.0,11.935897435897436,0.833,0.0,0.44758974358974357,5.0,0.0,0.8717948717948718,9.0,0.0,2.576923076923077,1.0,0.0,0.3253972602739726,12.0,0.0,5.0256410256410255,16.0,0.0,6.358974358974359,1.0,0.25,0.7940135135135135,8.0,0.0,2.8974358974358974,13.0,1.0,5.166666666666667,16.0,2.0,8.064102564102564,8.0,0.0,3.128205128205128,7.0,0.0,2.7564102564102564,8.0,0.0,1.9230769230769231,6.0,0.0,2.7564102564102564,5.0,0.0,2.230769230769231
Andrew Bynum,37.0,0.0,18.716666666666665,15.0,0.0,7.4,27.0,2.0,13.266666666666667,0.857,0.0,0.5582666666666666,1.0,0.0,0.016666666666666666,1.0,0.0,0.08333333333333333,1.0,0.0,0.2,10.0,0.0,3.9,12.0,0.0,5.633333333333334,1.0,0.0,0.6707796610169493,8.0,0.0,3.2,22.0,1.0,8.616666666666667,30.0,2.0,11.816666666666666,4.0,0.0,1.4166666666666667,5.0,0.0,1.9333333333333333,2.0,0.0,0.45,7.0,0.0,2.533333333333333,5.0,0.0,1.7333333333333334
Andrew Wiggins,35.0,7.0,17.205479452054796,14.0,3.0,6.506849315068493,20.0,9.0,13.95890410958904,0.737,0.263,0.4632602739726027,8.0,0.0,2.1506849315068495,10.0,1.0,5.465753424657534,0.8,0.0,0.3728219178082192,8.0,0.0,2.041095890410959,11.0,0.0,3.219178082191781,1.0,0.0,0.6286896551724138,4.0,0.0,1.1643835616438356,9.0,0.0,3.287671232876712,11.0,0.0,4.4520547945205475,6.0,0.0,2.2054794520547945,3.0,0.0,0.6986301369863014,3.0,0.0,1.0410958904109588,5.0,0.0,1.5205479452054795,6.0,0.0,2.164383561643836
Antawn Jamison,41.0,7.0,21.379746835443036,18.0,3.0,7.822784810126582,25.0,10.0,17.936708860759495,0.818,0.188,0.4348860759493671,5.0,0.0,1.518987341772152,10.0,1.0,4.481012658227848,1.0,0.0,0.34264556962025317,12.0,0.0,4.215189873417722,15.0,0.0,5.544303797468355,1.0,0.0,0.756054054054054,9.0,0.0,2.721518987341772,18.0,1.0,7.481012658227848,20.0,2.0,10.20253164556962,5.0,0.0,1.518987341772152,3.0,0.0,0.43037974683544306,6.0,0.0,1.3417721518987342,8.0,0.0,1.4303797468354431,5.0,0.0,2.4683544303797467
Anthony Davis,50.0,5.0,26.096774193548388,20.0,2.0,8.887096774193548,30.0,7.0,17.677419354838708,0.818,0.214,0.49816129032258066,4.0,0.0,1.1612903225806452,9.0,0.0,3.5161290322580645,0.8,0.0,0.2889285714285714,26.0,0.0,7.161290322580645,27.0,1.0,8.46774193548387,1.0,0.0,0.8288064516129031,8.0,0.0,2.2903225806451615,12.0,1.0,7.016129032258065,20.0,1.0,9.306451612903226,7.0,0.0,3.225806451612903,8.0,0.0,2.306451612903226,4.0,0.0,1.467741935483871,7.0,0.0,2.4838709677419355,5.0,0.0,2.5161290322580645
Anthony Edwards,44.0,5.0,24.632911392405063,17.0,2.0,8.949367088607595,30.0,4.0,19.50632911392405,0.75,0.2,0.45521518987341775,8.0,0.0,2.6962025316455698,16.0,2.0,7.3164556962025316,1.0,0.0,0.36659493670886073,11.0,0.0,4.037974683544304,14.0,0.0,5.341772151898734,1.0,0.0,0.7303999999999998,4.0,0.0,0.5949367088607594,11.0,0.0,5.2025316455696204,13.0,0.0,5.7974683544303796,11.0,1.0,4.430379746835443,4.0,0.0,0.7341772151898734,6.0,0.0,1.5822784810126582,8.0,0.0,3.278481012658228,5.0,0.0,2.3544303797468356
Anthony Mason,29.0,3.0,16.125,12.0,0.0,5.75,21.0,4.0,11.925,0.875,0.0,0.47936249999999997,0.0,0.0,0.0,0.0,0.0,0.0,,,,12.0,0.0,4.625,16.0,0.0,5.925,1.0,0.0,0.7948181818181819,7.0,0.0,2.1125,15.0,1.0,7.5125,18.0,4.0,9.625,9.0,0.0,3.1,2.0,0.0,0.3125,4.0,0.0,1.0,7.0,0.0,2.2375,6.0,0.0,2.8875
Antoine Walker,38.0,6.0,20.128205128205128,17.0,1.0,7.730769230769231,31.0,7.0,19.923076923076923,0.722,0.067,0.3846538461538462,9.0,0.0,2.41025641025641,13.0,2.0,7.461538461538462,0.714,0.0,0.30010256410256403,10.0,0.0,2.2564102564102564,12.0,0.0,3.6666666666666665,1.0,0.0,0.5982222222222221,5.0,0.0,1.2692307692307692,12.0,1.0,5.948717948717949,14.0,2.0,7.217948717948718,14.0,0.0,4.782051282051282,2.0,0.0,0.3974358974358974,5.0,0.0,1.4871794871794872,9.0,0.0,3.3333333333333335,6.0,0.0,2.8333333333333335
Antonio Davis,31.0,1.0,13.705128205128204,11.0,0.0,4.8076923076923075,21.0,2.0,11.102564102564102,0.857,0.0,0.4445641025641026,0.0,0.0,0.0,1.0,0.0,0.01282051282051282,0.0,0.0,0.0,15.0,0.0,4.089743589743589,17.0,0.0,5.423076923076923,1.0,0.0,0.7513972602739726,10.0,0.0,3.5128205128205128,13.0,1.0,6.576923076923077,19.0,1.0,10.08974358974359,4.0,0.0,1.358974358974359,6.0,0.0,1.935897435897436,2.0,0.0,0.28205128205128205,5.0,0.0,1.7307692307692308,6.0,0.0,2.948717948717949
Antonio McDyess,40.0,0.0,20.82857142857143,16.0,0.0,8.242857142857142,28.0,3.0,16.642857142857142,0.706,0.0,0.4793285714285714,0.0,0.0,0.0,0.0,0.0,0.0,,,,15.0,0.0,4.3428571428571425,19.0,0.0,6.2,1.0,0.0,0.6989090909090909,9.0,0.0,3.4285714285714284,17.0,0.0,8.642857142857142,21.0,0.0,12.071428571428571,7.0,0.0,2.085714285714286,7.0,0.0,1.457142857142857,3.0,0.0,0.6142857142857143,6.0,0.0,2.3142857142857145,6.0,1.0,3.142857142857143
Bam Adebayo,38.0,4.0,20.386666666666667,15.0,2.0,8.026666666666667,23.0,3.0,14.853333333333333,0.833,0.286,0.5429200000000001,1.0,0.0,0.013333333333333334,2.0,0.0,0.16,1.0,0.0,0.09090909090909091,14.0,0.0,4.32,14.0,0.0,5.36,1.0,0.0,0.7828,6.0,0.0,2.453333333333333,16.0,0.0,6.72,17.0,1.0,9.173333333333334,8.0,0.0,3.2,3.0,0.0,0.8133333333333334,4.0,0.0,1.1733333333333333,5.0,0.0,2.493333333333333,6.0,0.0,2.7733333333333334
Baron Davis,37.0,6.0,22.865671641791046,13.0,3.0,8.26865671641791,29.0,12.0,20.925373134328357,0.647,0.227,0.3955373134328358,7.0,0.0,2.791044776119403,14.0,3.0,8.686567164179104,0.857,0.0,0.3204179104477612,14.0,0.0,3.537313432835821,14.0,0.0,5.253731343283582,1.0,0.0,0.6323225806451612,4.0,0.0,0.9850746268656716,9.0,0.0,3.298507462686567,10.0,0.0,4.2835820895522385,13.0,1.0,7.477611940298507,4.0,0.0,0.40298507462686567,6.0,0.0,2.3582089552238807,8.0,0.0,3.208955223880597,6.0,0.0,2.656716417910448
Ben Simmons,34.0,2.0,16.43859649122807,13.0,1.0,6.578947368421052,22.0,2.0,11.350877192982455,1.0,0.2,0.5788245614035087,1.0,0.0,0.03508771929824561,1.0,0.0,0.12280701754385964,1.0,0.0,0.2857142857142857,11.0,0.0,3.245614035087719,14.0,0.0,5.228070175438597,1.0,0.0,0.608,7.0,0.0,1.9824561403508771,11.0,1.0,5.807017543859649,15.0,1.0,7.7894736842105265,17.0,1.0,7.982456140350878,4.0,0.0,0.5789473684210527,7.0,0.0,2.087719298245614,8.0,0.0,3.508771929824561,6.0,0.0,3.263157894736842
Ben Wallace,15.0,0.0,7.280487804878049,7.0,0.0,2.8902439024390243,11.0,1.0,5.670731707317073,1.0,0.0,0.5007073170731707,0.0,0.0,0.0,1.0,0.0,0.04878048780487805,0.0,0.0,0.0,7.0,0.0,1.5,22.0,0.0,3.6097560975609757,1.0,0.0,0.40484057971014487,9.0,0.0,3.6707317073170733,15.0,2.0,7.585365853658536,22.0,3.0,11.25609756097561,6.0,0.0,1.9268292682926829,6.0,0.0,2.207317073170732,5.0,0.0,1.7804878048780488,4.0,0.0,1.0731707317073171,6.0,0.0,2.0
Blake Griffin,50.0,5.0,24.546666666666667,20.0,1.0,8.253333333333334,35.0,5.0,17.88,0.75,0.1,0.45597333333333323,9.0,0.0,2.52,14.0,1.0,6.96,1.0,0.0,0.36761333333333335,17.0,0.0,5.52,24.0,0.0,7.333333333333333,1.0,0.333,0.7550972222222222,6.0,0.0,1.3333333333333333,15.0,0.0,6.2,15.0,0.0,7.533333333333333,11.0,1.0,5.36,2.0,0.0,0.37333333333333335,3.0,0.0,0.6933333333333334,10.0,0.0,3.3733333333333335,6.0,0.0,2.6533333333333333
Brad Miller,35.0,2.0,14.083333333333334,12.0,0.0,5.180555555555555,20.0,3.0,10.152777777777779,1.0,0.0,0.5088472222222221,1.0,0.0,0.16666666666666666,2.0,0.0,0.5277777777777778,1.0,0.0,0.3548387096774194,12.0,0.0,3.5555555555555554,13.0,0.0,4.569444444444445,1.0,0.0,0.7707096774193549,8.0,0.0,2.6527777777777777,15.0,2.0,7.666666666666667,17.0,3.0,10.319444444444445,11.0,0.0,4.333333333333333,4.0,0.0,1.1944444444444444,5.0,0.0,0.9444444444444444,6.0,0.0,2.0,6.0,0.0,3.4305555555555554
Bradley Beal,60.0,7.0,31.3,20.0,1.0,11.166666666666666,37.0,11.0,23.033333333333335,0.684,0.071,0.48333333333333334,7.0,0.0,2.1666666666666665,14.0,1.0,6.216666666666667,1.0,0.0,0.3526833333333333,14.0,0.0,6.8,15.0,0.0,7.65,1.0,0.5,0.8829322033898305,4.0,0.0,1.2,9.0,0.0,3.5166666666666666,10.0,1.0,4.716666666666667,10.0,0.0,4.416666666666667,2.0,0.0,0.36666666666666664,4.0,0.0,1.15,7.0,0.0,3.1166666666666667,5.0,0.0,2.3333333333333335
Brandon Ingram,49.0,7.0,23.822580645161292,17.0,3.0,8.17741935483871,27.0,5.0,17.677419354838708,0.708,0.19,0.46938709677419355,7.0,0.0,2.4193548387096775,11.0,0.0,6.193548387096774,1.0,0.0,0.3978360655737705,16.0,0.0,5.048387096774194,20.0,0.0,5.935483870967742,1.0,0.0,0.8508032786885246,3.0,0.0,0.8225806451612904,14.0,1.0,5.306451612903226,15.0,1.0,6.129032258064516,11.0,0.0,4.17741935483871,3.0,0.0,0.6129032258064516,3.0,0.0,0.9838709677419355,7.0,1.0,3.0483870967741935,6.0,0.0,2.8870967741935485
Brandon Roy,52.0,6.0,22.628205128205128,15.0,2.0,8.115384615384615,30.0,7.0,16.897435897435898,0.75,0.182,0.47976923076923084,5.0,0.0,1.064102564102564,7.0,0.0,2.8205128205128207,1.0,0.0,0.34575999999999996,19.0,0.0,5.333333333333333,21.0,0.0,6.4743589743589745,1.0,0.3,0.8467142857142858,5.0,0.0,1.3333333333333333,9.0,0.0,3.41025641025641,9.0,1.0,4.743589743589744,11.0,0.0,5.128205128205129,2.0,0.0,0.28205128205128205,10.0,0.0,1.1282051282051282,6.0,0.0,1.9487179487179487,6.0,0.0,1.6282051282051282
Brook Lopez,38.0,8.0,19.41891891891892,15.0,3.0,7.702702702702703,25.0,7.0,14.783783783783784,0.857,0.231,0.522972972972973,0.0,0.0,0.0,1.0,0.0,0.013513513513513514,0.0,0.0,0.0,11.0,0.0,4.013513513513513,15.0,0.0,5.297297297297297,1.0,0.0,0.7453835616438356,7.0,0.0,2.810810810810811,9.0,0.0,4.108108108108108,13.0,1.0,6.918918918918919,5.0,0.0,0.9459459459459459,5.0,0.0,2.081081081081081,2.0,0.0,0.44594594594594594,7.0,0.0,1.7702702702702702,5.0,0.0,2.054054054054054
Carlos Boozer,41.0,4.0,21.08641975308642,17.0,1.0,8.753086419753087,25.0,6.0,16.012345679012345,0.889,0.111,0.5467037037037037,0.0,0.0,0.0,1.0,0.0,0.012345679012345678,0.0,0.0,0.0,16.0,0.0,3.580246913580247,18.0,0.0,4.851851851851852,1.0,0.0,0.7412077922077922,6.0,0.0,2.432098765432099,15.0,1.0,7.987654320987654,17.0,1.0,10.419753086419753,10.0,0.0,2.876543209876543,3.0,0.0,0.5061728395061729,5.0,0.0,1.2345679012345678,9.0,0.0,2.5925925925925926,6.0,0.0,3.617283950617284
Carmelo Anthony,45.0,7.0,22.41891891891892,18.0,3.0,8.135135135135135,36.0,8.0,18.77027027027027,0.714,0.2,0.4342297297297298,7.0,0.0,2.0405405405405403,11.0,1.0,5.6891891891891895,1.0,0.0,0.34322972972972976,12.0,0.0,4.108108108108108,14.0,0.0,4.9324324324324325,1.0,0.333,0.8261029411764707,3.0,0.0,0.8378378378378378,13.0,0.0,5.081081081081081,13.0,1.0,5.918918918918919,10.0,0.0,2.8783783783783785,3.0,0.0,0.4594594594594595,4.0,0.0,0.8108108108108109,7.0,0.0,2.0675675675675675,6.0,0.0,2.675675675675676
Caron Butler,38.0,2.0,19.095238095238095,14.0,1.0,7.158730158730159,25.0,2.0,15.476190476190476,0.765,0.1,0.45280952380952383,2.0,0.0,0.2857142857142857,3.0,0.0,1.1428571428571428,1.0,0.0,0.24071111111111113,15.0,0.0,4.492063492063492,17.0,0.0,5.2063492063492065,1.0,0.5,0.8716363636363635,8.0,0.0,2.3333333333333335,11.0,1.0,5.079365079365079,13.0,1.0,7.412698412698413,10.0,0.0,3.6984126984126986,2.0,0.0,0.2698412698412698,6.0,0.0,2.126984126984127,7.0,0.0,2.873015873015873,5.0,0.0,2.984126984126984
Chauncey Billups,39.0,5.0,19.54794520547945,13.0,1.0,5.506849315068493,25.0,5.0,13.178082191780822,0.75,0.125,0.4106164383561644,9.0,0.0,2.1506849315068495,13.0,2.0,5.575342465753424,1.0,0.0,0.3689041095890411,17.0,0.0,6.383561643835616,19.0,0.0,7.013698630136986,1.0,0.5,0.9189714285714287,2.0,0.0,0.3424657534246575,8.0,0.0,2.780821917808219,8.0,0.0,3.1232876712328768,12.0,0.0,5.602739726027397,2.0,0.0,0.1232876712328767,4.0,0.0,1.1232876712328768,7.0,0.0,2.4246575342465753,6.0,0.0,2.095890410958904
Chris Bosh,34.0,8.0,21.09090909090909,14.0,2.0,7.795454545454546,23.0,10.0,16.931818181818183,0.75,0.118,0.460409090909091,4.0,0.0,1.4318181818181819,6.0,1.0,3.8181818181818183,1.0,0.0,0.3522954545454546,10.0,0.0,4.068181818181818,13.0,0.0,5.2727272727272725,1.0,0.0,0.7495476190476191,4.0,0.0,1.0454545454545454,11.0,1.0,6.0,15.0,2.0,7.045454545454546,6.0,1.0,2.159090909090909,5.0,0.0,0.5681818181818182,4.0,0.0,0.9318181818181818,5.0,0.0,2.159090909090909,5.0,0.0,1.5681818181818181
Chris Kaman,29.0,4.0,18.526315789473685,13.0,1.0,7.75,26.0,6.0,15.81578947368421,0.846,0.158,0.4895657894736841,0.0,0.0,0.0,1.0,0.0,0.07894736842105263,0.0,0.0,0.0,10.0,0.0,3.026315789473684,14.0,0.0,4.0394736842105265,1.0,0.0,0.7720303030303031,7.0,0.0,2.4210526315789473,14.0,1.0,6.842105263157895,16.0,3.0,9.263157894736842,6.0,0.0,1.5789473684210527,5.0,0.0,1.236842105263158,3.0,0.0,0.4868421052631579,7.0,0.0,2.9342105263157894,6.0,0.0,2.8026315789473686
Chris Paul,27.0,4.0,14.738461538461538,10.0,1.0,5.584615384615384,19.0,4.0,11.323076923076924,0.75,0.1,0.4967230769230768,4.0,0.0,0.9692307692307692,8.0,0.0,3.0615384615384613,1.0,0.0,0.30618032786885246,10.0,0.0,2.6,10.0,0.0,3.1076923076923078,1.0,0.333,0.8292075471698114,3.0,0.0,0.3384615384615385,10.0,0.0,4.015384615384615,13.0,0.0,4.3538461538461535,19.0,4.0,10.8,2.0,0.0,0.3076923076923077,7.0,0.0,1.8615384615384616,7.0,0.0,2.353846153846154,5.0,0.0,2.0615384615384613
Chris Webber,39.0,13.0,24.48148148148148,17.0,2.0,9.851851851851851,28.0,13.0,19.90740740740741,0.75,0.125,0.49701851851851847,1.0,0.0,0.09259259259259259,2.0,0.0,0.35185185185185186,1.0,0.0,0.28125,15.0,0.0,4.685185185185185,18.0,0.0,6.2592592592592595,1.0,0.25,0.7619807692307693,6.0,0.0,2.7777777777777777,13.0,1.0,7.333333333333333,15.0,2.0,10.11111111111111,9.0,0.0,4.777777777777778,4.0,0.0,1.4074074074074074,5.0,0.0,1.6666666666666667,7.0,0.0,2.925925925925926,6.0,1.0,3.3703703703703702
Dale Davis,23.0,0.0,10.04054054054054,10.0,0.0,4.081081081081081,15.0,3.0,8.135135135135135,0.8,0.0,0.49631081081081074,0.0,0.0,0.0,0.0,0.0,0.0,,,,7.0,0.0,1.8783783783783783,14.0,0.0,2.7432432432432434,1.0,0.0,0.6993061224489796,9.0,0.0,3.4594594594594597,15.0,0.0,6.391891891891892,20.0,0.0,9.85135135135135,3.0,0.0,0.8648648648648649,6.0,0.0,1.2702702702702702,3.0,0.0,0.7027027027027027,5.0,0.0,1.2297297297297298,6.0,0.0,2.7432432432432434
Damian Lillard,71.0,13.0,32.172413793103445,22.0,2.0,9.586206896551724,38.0,12.0,20.724137931034484,0.724,0.143,0.45489655172413795,13.0,1.0,4.206896551724138,22.0,6.0,11.344827586206897,0.647,0.083,0.3540862068965517,17.0,1.0,8.793103448275861,20.0,1.0,9.620689655172415,1.0,0.5,0.9146206896551724,3.0,0.0,0.7586206896551724,11.0,0.0,4.017241379310345,13.0,1.0,4.775862068965517,12.0,0.0,7.327586206896552,2.0,0.0,0.3103448275862069,4.0,0.0,0.8620689655172413,7.0,0.0,3.293103448275862,4.0,0.0,1.8793103448275863
D'Angelo Russell,44.0,3.0,21.135802469135804,17.0,1.0,8.135802469135802,34.0,6.0,18.728395061728396,0.684,0.125,0.4269999999999999,9.0,0.0,2.888888888888889,15.0,2.0,7.839506172839506,0.75,0.0,0.3507407407407407,9.0,0.0,1.9753086419753085,10.0,0.0,2.5308641975308643,1.0,0.0,0.7500178571428571,4.0,0.0,0.654320987654321,9.0,0.0,3.234567901234568,10.0,0.0,3.888888888888889,14.0,2.0,6.950617283950617,1.0,0.0,0.24691358024691357,4.0,0.0,1.2345679012345678,8.0,0.0,3.123456790123457,5.0,0.0,1.7407407407407407
Danny Granger,42.0,4.0,25.791044776119403,15.0,2.0,8.522388059701493,28.0,7.0,19.059701492537314,0.722,0.263,0.4458059701492537,6.0,0.0,2.716417910447761,11.0,0.0,6.7164179104477615,1.0,0.0,0.4056515151515151,17.0,0.0,6.029850746268656,17.0,0.0,6.865671641791045,1.0,0.0,0.8512461538461539,3.0,0.0,0.7313432835820896,10.0,0.0,4.358208955223881,11.0,1.0,5.08955223880597,7.0,0.0,2.7313432835820897,6.0,0.0,1.4477611940298507,5.0,0.0,1.0298507462686568,6.0,0.0,2.462686567164179,6.0,1.0,3.08955223880597
Darius Garland,41.0,9.0,21.66176470588235,14.0,3.0,7.970588235294118,27.0,7.0,17.25,0.8,0.235,0.4682647058823529,5.0,0.0,2.5588235294117645,13.0,3.0,6.676470588235294,1.0,0.0,0.39382352941176474,15.0,0.0,3.161764705882353,16.0,0.0,3.5441176470588234,1.0,0.5,0.8925892857142859,3.0,0.0,0.5735294117647058,10.0,0.0,2.7205882352941178,10.0,0.0,3.2941176470588234,19.0,1.0,8.573529411764707,1.0,0.0,0.10294117647058823,4.0,0.0,1.3088235294117647,8.0,0.0,3.6470588235294117,6.0,0.0,1.6911764705882353
David Lee,31.0,6.0,18.468354430379748,14.0,2.0,7.620253164556962,22.0,8.0,14.683544303797468,0.867,0.125,0.5190379746835444,0.0,0.0,0.0,1.0,0.0,0.05063291139240506,0.0,0.0,0.0,11.0,0.0,3.2278481012658227,12.0,0.0,4.050632911392405,1.0,0.333,0.8021971830985916,7.0,0.0,2.759493670886076,17.0,3.0,8.455696202531646,22.0,5.0,11.215189873417721,11.0,0.0,3.5316455696202533,2.0,0.0,0.27848101265822783,4.0,0.0,0.8481012658227848,6.0,0.0,2.6202531645569622,6.0,0.0,3.1139240506329116
David Robinson,34.0,0.0,14.3875,14.0,0.0,5.0,18.0,3.0,10.2875,1.0,0.0,0.49210000000000004,0.0,0.0,0.0,1.0,0.0,0.0125,0.0,0.0,0.0,14.0,0.0,4.3875,19.0,0.0,5.875,1.0,0.25,0.7501066666666667,7.0,0.0,2.6,17.0,1.0,6.0375,22.0,1.0,8.6375,5.0,0.0,1.45,8.0,0.0,2.4625,5.0,0.0,1.0,6.0,0.0,1.525,6.0,0.0,2.65
David West,40.0,9.0,20.960526315789473,15.0,3.0,8.026315789473685,27.0,7.0,17.0,0.778,0.231,0.47024999999999995,2.0,0.0,0.07894736842105263,2.0,0.0,0.32894736842105265,1.0,0.0,0.21739130434782608,13.0,0.0,4.828947368421052,14.0,0.0,5.4605263157894735,1.0,0.0,0.8766388888888889,8.0,0.0,2.1052631578947367,17.0,1.0,6.394736842105263,20.0,1.0,8.5,6.0,0.0,2.276315789473684,4.0,0.0,0.8947368421052632,2.0,0.0,0.6447368421052632,6.0,0.0,2.1447368421052633,6.0,0.0,2.723684210526316
De'Aaron Fox,42.0,8.0,25.013698630136986,17.0,2.0,9.342465753424657,27.0,4.0,18.232876712328768,0.733,0.313,0.5124520547945206,6.0,0.0,1.63013698630137,12.0,1.0,5.027397260273973,1.0,0.0,0.30672602739726024,12.0,0.0,4.698630136986301,14.0,0.0,6.027397260273973,1.0,0.0,0.7790714285714286,3.0,0.0,0.547945205479452,11.0,0.0,3.643835616438356,13.0,0.0,4.191780821917808,13.0,1.0,6.123287671232877,3.0,0.0,0.3150684931506849,5.0,0.0,1.1369863013698631,8.0,0.0,2.4794520547945207,5.0,0.0,2.356164383561644
DeAndre Jordan,29.0,4.0,12.703703703703704,12.0,1.0,5.08641975308642,15.0,1.0,7.1234567901234565,1.0,0.286,0.721185185185185,0.0,0.0,0.0,1.0,0.0,0.024691358024691357,0.0,0.0,0.0,12.0,0.0,2.5308641975308643,18.0,0.0,5.246913580246914,1.0,0.0,0.4800138888888889,9.0,0.0,3.6790123456790123,20.0,3.0,10.074074074074074,25.0,5.0,13.753086419753087,6.0,0.0,1.1851851851851851,4.0,0.0,1.654320987654321,4.0,0.0,0.6296296296296297,5.0,0.0,1.4197530864197532,5.0,0.0,2.617283950617284
Dejounte Murray,33.0,6.0,21.147058823529413,14.0,2.0,8.426470588235293,26.0,9.0,18.25,0.714,0.167,0.4590882352941176,6.0,0.0,1.411764705882353,9.0,0.0,4.323529411764706,1.0,0.0,0.2842089552238806,9.0,0.0,2.8823529411764706,12.0,0.0,3.6323529411764706,1.0,0.0,0.7765740740740741,5.0,0.0,1.1764705882352942,12.0,1.0,7.102941176470588,14.0,1.0,8.279411764705882,15.0,3.0,9.220588235294118,2.0,0.0,0.3382352941176471,5.0,0.0,2.0294117647058822,6.0,0.0,2.6470588235294117,5.0,0.0,2.0294117647058822
DeMar DeRozan,49.0,4.0,24.54054054054054,16.0,0.0,8.878378378378379,32.0,6.0,17.60810810810811,0.786,0.0,0.4984729729729729,5.0,0.0,0.6216216216216216,6.0,0.0,1.9189189189189189,1.0,0.0,0.2423606557377049,20.0,1.0,6.162162162162162,22.0,1.0,7.0675675675675675,1.0,0.5,0.8772297297297296,3.0,0.0,0.4594594594594595,12.0,0.0,4.175675675675675,14.0,0.0,4.635135135135135,10.0,1.0,5.094594594594595,2.0,0.0,0.4864864864864865,4.0,0.0,1.1216216216216217,8.0,0.0,2.0675675675675675,5.0,0.0,2.5135135135135136
DeMarcus Cousins,55.0,11.0,26.97222222222222,17.0,3.0,8.98611111111111,34.0,9.0,19.88888888888889,0.688,0.267,0.4514027777777778,5.0,0.0,1.8194444444444444,10.0,0.0,5.041666666666667,1.0,0.0,0.344,20.0,0.0,7.180555555555555,22.0,0.0,9.305555555555555,1.0,0.0,0.7394507042253522,7.0,0.0,2.111111111111111,20.0,2.0,8.916666666666666,24.0,4.0,11.027777777777779,12.0,0.0,4.611111111111111,5.0,0.0,1.2916666666666667,5.0,0.0,1.3888888888888888,9.0,0.0,3.736111111111111,6.0,0.0,3.861111111111111
Deron Williams,57.0,7.0,20.98181818181818,16.0,2.0,7.109090909090909,29.0,8.0,17.472727272727273,0.611,0.154,0.39923636363636367,8.0,0.0,2.090909090909091,14.0,3.0,6.218181818181818,0.667,0.0,0.2968545454545455,21.0,0.0,4.672727272727273,21.0,0.0,5.545454545454546,1.0,0.0,0.8126792452830189,3.0,0.0,0.41818181818181815,8.0,0.0,2.909090909090909,9.0,0.0,3.327272727272727,20.0,1.0,8.745454545454546,2.0,0.0,0.36363636363636365,4.0,0.0,1.2181818181818183,7.0,1.0,3.981818181818182,6.0,0.0,2.2
Derrick Rose,35.0,2.0,21.846153846153847,14.0,1.0,7.743589743589744,29.0,3.0,17.82051282051282,0.692,0.077,0.4432820512820513,4.0,0.0,1.3846153846153846,8.0,1.0,4.435897435897436,0.75,0.0,0.2687692307692308,14.0,0.0,4.9743589743589745,15.0,0.0,6.128205128205129,1.0,0.0,0.7838823529411765,3.0,0.0,0.6666666666666666,7.0,0.0,2.6923076923076925,8.0,0.0,3.358974358974359,16.0,0.0,7.871794871794871,3.0,0.0,0.717948717948718,3.0,0.0,0.8974358974358975,8.0,0.0,3.051282051282051,5.0,0.0,1.3333333333333333
Devin Booker,49.0,10.0,26.794117647058822,18.0,3.0,9.735294117647058,35.0,9.0,20.897058823529413,0.667,0.2,0.46239705882352944,6.0,0.0,2.6911764705882355,13.0,2.0,7.029411764705882,0.667,0.0,0.3727205882352941,15.0,0.0,4.632352941176471,17.0,0.0,5.338235294117647,1.0,0.0,0.8546349206349206,3.0,0.0,0.6617647058823529,11.0,0.0,4.367647058823529,12.0,0.0,5.029411764705882,12.0,0.0,4.838235294117647,2.0,0.0,0.38235294117647056,6.0,0.0,1.1323529411764706,6.0,0.0,2.3823529411764706,6.0,0.0,2.6470588235294117
Devin Harris,47.0,1.0,21.304347826086957,14.0,0.0,6.594202898550725,25.0,3.0,15.057971014492754,0.833,0.0,0.42747826086956525,5.0,0.0,0.927536231884058,9.0,0.0,3.1884057971014492,0.667,0.0,0.24320634920634923,20.0,1.0,7.188405797101449,24.0,2.0,8.768115942028986,1.0,0.375,0.8237826086956521,3.0,0.0,0.43478260869565216,8.0,0.0,2.9130434782608696,8.0,0.0,3.347826086956522,14.0,1.0,6.898550724637682,1.0,0.0,0.18840579710144928,4.0,0.0,1.6521739130434783,8.0,0.0,3.072463768115942,5.0,0.0,2.3768115942028984
Dikembe Mutombo,24.0,2.0,11.5,10.0,1.0,4.0125,15.0,2.0,8.0125,1.0,0.143,0.5094999999999998,0.0,0.0,0.0,0.0,0.0,0.0,,,,10.0,0.0,3.475,14.0,0.0,4.55,1.0,0.0,0.7709324324324325,8.0,0.0,3.175,16.0,1.0,7.6125,20.0,3.0,10.7875,5.0,0.0,1.0375,10.0,0.0,2.375,3.0,0.0,0.3625,5.0,0.0,1.95,6.0,0.0,3.0
Dirk Nowitzki,30.0,0.0,7.313725490196078,11.0,0.0,2.6470588235294117,31.0,0.0,7.372549019607843,1.0,0.0,0.3592,5.0,0.0,1.2549019607843137,14.0,0.0,4.019607843137255,1.0,0.0,0.30416,4.0,0.0,0.7647058823529411,7.0,0.0,0.9803921568627451,1.0,0.0,0.8208571428571428,1.0,0.0,0.09803921568627451,12.0,0.0,3.0,13.0,0.0,3.0980392156862746,3.0,0.0,0.6862745098039216,2.0,0.0,0.35294117647058826,2.0,0.0,0.17647058823529413,2.0,0.0,0.35294117647058826,4.0,0.0,1.4901960784313726
Domantas Sabonis,34.0,9.0,19.11392405063291,15.0,2.0,7.30379746835443,23.0,4.0,11.873417721518987,1.0,0.333,0.6228987341772151,2.0,0.0,0.3924050632911392,3.0,0.0,1.0506329113924051,1.0,0.0,0.3813559322033898,11.0,0.0,4.113924050632911,14.0,0.0,5.544303797468355,1.0,0.333,0.7522162162162163,10.0,0.0,3.1772151898734178,18.0,3.0,9.139240506329115,23.0,4.0,12.316455696202532,16.0,1.0,7.253164556962025,4.0,0.0,0.4936708860759494,3.0,0.0,0.8227848101265823,9.0,0.0,2.911392405063291,6.0,0.0,3.5316455696202533
Donovan Mitchell,71.0,6.0,28.264705882352942,22.0,2.0,9.985294117647058,34.0,9.0,20.61764705882353,0.696,0.182,0.4768235294117647,8.0,0.0,3.6029411764705883,18.0,3.0,9.338235294117647,0.8,0.0,0.37272058823529414,20.0,0.0,4.6911764705882355,25.0,0.0,5.411764705882353,1.0,0.25,0.8671904761904762,4.0,0.0,0.9264705882352942,10.0,0.0,3.323529411764706,11.0,0.0,4.25,12.0,0.0,4.426470588235294,2.0,0.0,0.39705882352941174,4.0,0.0,1.4558823529411764,7.0,0.0,2.6470588235294117,5.0,0.0,2.4705882352941178
Draymond Green,25.0,0.0,11.042857142857143,10.0,0.0,4.014285714285714,20.0,2.0,8.842857142857143,1.0,0.0,0.45635714285714285,4.0,0.0,1.1,11.0,0.0,3.657142857142857,1.0,0.0,0.29205882352941187,7.0,0.0,1.9142857142857144,8.0,0.0,2.4714285714285715,1.0,0.0,0.7689411764705882,7.0,0.0,1.0714285714285714,13.0,0.0,6.571428571428571,16.0,0.0,7.642857142857143,16.0,0.0,7.257142857142857,6.0,0.0,1.3,4.0,0.0,1.3571428571428572,7.0,0.0,2.8857142857142857,5.0,0.0,2.642857142857143
Dwight Howard,35.0,2.0,18.267605633802816,14.0,1.0,6.661971830985915,22.0,4.0,11.267605633802816,1.0,0.2,0.5911549295774647,1.0,0.0,0.028169014084507043,1.0,0.0,0.09859154929577464,1.0,0.0,0.2857142857142857,17.0,0.0,4.915492957746479,25.0,0.0,8.985915492957746,1.0,0.143,0.5514571428571428,8.0,0.0,3.2535211267605635,20.0,4.0,8.943661971830986,26.0,4.0,12.19718309859155,7.0,0.0,1.8450704225352113,6.0,0.0,1.8028169014084507,4.0,0.0,0.8450704225352113,8.0,0.0,3.2253521126760565,5.0,0.0,3.380281690140845
Dwyane Wade,35.0,2.0,15.041666666666666,13.0,0.0,5.777777777777778,28.0,6.0,13.333333333333334,0.714,0.0,0.42774999999999996,5.0,0.0,1.1944444444444444,13.0,0.0,3.625,1.0,0.0,0.28044117647058825,7.0,0.0,2.2916666666666665,8.0,0.0,3.236111111111111,1.0,0.0,0.6809333333333334,5.0,0.0,0.9583333333333334,10.0,0.0,3.0,11.0,0.0,3.9583333333333335,10.0,0.0,4.180555555555555,2.0,0.0,0.5277777777777778,4.0,0.0,0.8194444444444444,5.0,0.0,2.3055555555555554,5.0,0.0,1.6388888888888888
Eddie Jones,34.0,4.0,20.083333333333332,13.0,2.0,6.638888888888889,24.0,6.0,15.541666666666666,0.75,0.133,0.4271388888888889,7.0,0.0,1.7777777777777777,12.0,1.0,4.736111111111111,1.0,0.0,0.36725,12.0,0.0,5.027777777777778,14.0,0.0,5.819444444444445,1.0,0.5,0.87075,4.0,0.0,1.125,8.0,0.0,3.638888888888889,9.0,0.0,4.763888888888889,12.0,0.0,4.236111111111111,3.0,0.0,0.6805555555555556,9.0,0.0,2.6666666666666665,7.0,0.0,2.2222222222222223,6.0,0.0,2.4444444444444446
Elton Brand,44.0,11.0,24.72151898734177,17.0,4.0,9.569620253164556,26.0,12.0,18.164556962025316,0.778,0.267,0.5238860759493671,1.0,0.0,0.012658227848101266,1.0,0.0,0.0379746835443038,1.0,0.0,0.3333333333333333,15.0,0.0,5.569620253164557,17.0,0.0,7.189873417721519,1.0,0.333,0.7530519480519481,9.0,0.0,2.9873417721518987,12.0,2.0,7.012658227848101,20.0,2.0,10.0,8.0,0.0,2.632911392405063,7.0,0.0,2.5443037974683542,5.0,0.0,1.0253164556962024,6.0,0.0,2.189873417721519,5.0,0.0,2.8734177215189876
Fred VanVleet,37.0,5.0,20.307692307692307,13.0,2.0,6.8,27.0,4.0,16.876923076923077,0.647,0.19,0.40415384615384614,8.0,1.0,3.723076923076923,17.0,2.0,9.876923076923077,0.857,0.111,0.37770769230769236,11.0,0.0,2.9846153846153847,11.0,0.0,3.4153846153846152,1.0,0.0,0.8756730769230768,4.0,0.0,0.676923076923077,9.0,0.0,3.769230769230769,10.0,0.0,4.446153846153846,17.0,2.0,6.676923076923077,2.0,0.0,0.5384615384615384,6.0,0.0,1.7076923076923076,8.0,0.0,2.6153846153846154,5.0,0.0,2.4923076923076923
Gary Payton,40.0,6.0,20.425,19.0,3.0,8.3125,30.0,8.0,18.325,0.769,0.188,0.4591,3.0,0.0,0.675,6.0,0.0,2.275,1.0,0.0,0.28983783783783784,11.0,0.0,3.125,13.0,0.0,4.4,1.0,0.25,0.7540555555555555,4.0,0.0,0.9875,11.0,0.0,3.1875,12.0,0.0,4.175,18.0,2.0,8.2875,2.0,0.0,0.25,5.0,0.0,1.6625,6.0,0.0,2.3375,5.0,0.0,2.2625
Gerald Wallace,38.0,5.0,18.236842105263158,12.0,1.0,6.0,22.0,5.0,12.407894736842104,0.9,0.111,0.47732894736842096,4.0,0.0,0.6842105263157895,7.0,0.0,1.8421052631578947,1.0,0.0,0.3389032258064516,13.0,0.0,5.552631578947368,16.0,0.0,7.157894736842105,1.0,0.4,0.7835890410958903,7.0,0.0,1.9736842105263157,17.0,0.0,8.052631578947368,20.0,1.0,10.026315789473685,5.0,0.0,2.1184210526315788,5.0,0.0,1.0921052631578947,4.0,0.0,1.5394736842105263,5.0,0.0,2.3421052631578947,6.0,0.0,2.5526315789473686
Giannis Antetokounmpo,55.0,2.0,31.095238095238095,21.0,1.0,11.222222222222221,39.0,4.0,20.285714285714285,1.0,0.25,0.5510317460317461,3.0,0.0,0.746031746031746,8.0,0.0,2.7142857142857144,1.0,0.0,0.2934821428571429,17.0,0.0,7.904761904761905,24.0,0.0,12.253968253968255,0.938,0.25,0.6360983606557377,7.0,0.0,2.1746031746031744,19.0,2.0,9.603174603174603,22.0,4.0,11.777777777777779,13.0,0.0,5.698412698412699,3.0,0.0,0.8095238095238095,5.0,0.0,0.8253968253968254,12.0,0.0,3.9047619047619047,6.0,0.0,3.126984126984127
Gilbert Arenas,60.0,0.0,28.445945945945947,21.0,0.0,8.743243243243244,37.0,0.0,20.91891891891892,0.7,0.083,0.41183561643835614,7.0,0.0,2.77027027027027,15.0,0.0,7.891891891891892,1.0,0.0,0.3547260273972603,21.0,0.0,8.18918918918919,27.0,0.0,9.702702702702704,1.0,0.0,0.8263194444444444,4.0,0.0,0.8243243243243243,8.0,0.0,3.7432432432432434,11.0,0.0,4.5675675675675675,13.0,0.0,5.986486486486487,2.0,0.0,0.17567567567567569,7.0,0.0,1.8783783783783783,9.0,0.0,3.189189189189189,6.0,0.0,3.364864864864865
Glenn Robinson,45.0,6.0,22.026315789473685,18.0,2.0,9.0,31.0,9.0,19.210526315789473,0.778,0.176,0.4659342105263158,3.0,0.0,0.7236842105263158,6.0,0.0,2.4210526315789473,1.0,0.0,0.2652361111111111,9.0,0.0,3.3026315789473686,13.0,0.0,4.026315789473684,1.0,0.0,0.8260597014925374,8.0,0.0,1.631578947368421,11.0,1.0,5.2894736842105265,15.0,1.0,6.921052631578948,8.0,0.0,3.3157894736842106,4.0,0.0,0.8157894736842105,5.0,0.0,1.131578947368421,7.0,0.0,2.8815789473684212,6.0,0.0,2.513157894736842
Goran Dragic,33.0,4.0,17.28,13.0,1.0,6.453333333333333,23.0,5.0,14.333333333333334,0.7,0.091,0.44114666666666674,5.0,0.0,1.48,8.0,1.0,4.0,1.0,0.0,0.3552933333333333,10.0,0.0,2.8933333333333335,10.0,0.0,3.6133333333333333,1.0,0.25,0.7981875,3.0,0.0,0.72,9.0,1.0,3.36,12.0,1.0,4.08,13.0,1.0,4.786666666666667,2.0,0.0,0.16,3.0,0.0,0.84,6.0,0.0,2.2133333333333334,6.0,0.0,2.4
Gordon Hayward,39.0,6.0,21.931506849315067,16.0,2.0,7.465753424657534,27.0,9.0,15.835616438356164,0.833,0.167,0.4667534246575343,4.0,0.0,2.041095890410959,10.0,1.0,5.123287671232877,1.0,0.0,0.39595890410958906,14.0,0.0,4.958904109589041,15.0,0.0,5.876712328767123,1.0,0.0,0.8305070422535211,3.0,0.0,0.6712328767123288,11.0,0.0,4.726027397260274,12.0,1.0,5.397260273972603,8.0,0.0,3.452054794520548,3.0,0.0,0.273972602739726,4.0,0.0,1.0,7.0,0.0,1.917808219178082,3.0,0.0,1.6027397260273972
Grant Hill,39.0,8.0,19.65671641791045,13.0,3.0,7.7164179104477615,27.0,6.0,15.149253731343284,0.818,0.214,0.5109253731343284,2.0,0.0,0.04477611940298507,2.0,0.0,0.19402985074626866,1.0,0.0,0.2,15.0,0.0,4.17910447761194,16.0,0.0,5.08955223880597,1.0,0.0,0.7954406779661016,5.0,0.0,1.1492537313432836,8.0,0.0,3.5970149253731343,12.0,0.0,4.746268656716418,9.0,0.0,3.283582089552239,3.0,0.0,0.417910447761194,5.0,0.0,1.4477611940298507,7.0,0.0,2.4029850746268657,6.0,0.0,2.1492537313432836
Isaiah Thomas,52.0,13.0,28.93421052631579,15.0,3.0,8.973684210526315,29.0,11.0,19.38157894736842,0.667,0.19,0.46386842105263143,9.0,0.0,3.223684210526316,15.0,2.0,8.5,0.7,0.0,0.3747631578947368,17.0,0.0,7.7631578947368425,17.0,0.0,8.539473684210526,1.0,0.333,0.9108219178082191,3.0,0.0,0.5657894736842105,6.0,0.0,2.1315789473684212,7.0,0.0,2.6973684210526314,15.0,0.0,5.894736842105263,1.0,0.0,0.17105263157894737,3.0,0.0,0.9210526315789473,7.0,0.0,2.763157894736842,5.0,0.0,2.1973684210526314
Ja Morant,49.0,6.0,26.16393442622951,17.0,3.0,9.278688524590164,29.0,8.0,19.901639344262296,0.667,0.188,0.4667868852459016,5.0,0.0,1.5081967213114753,12.0,1.0,4.918032786885246,0.833,0.0,0.27778688524590167,15.0,0.0,6.098360655737705,18.0,0.0,8.147540983606557,1.0,0.0,0.74105,3.0,0.0,1.0,10.0,1.0,4.852459016393443,13.0,1.0,5.852459016393443,17.0,2.0,8.081967213114755,2.0,0.0,0.26229508196721313,3.0,0.0,1.0819672131147542,8.0,0.0,3.377049180327869,5.0,0.0,1.639344262295082
Jamaal Magloire,27.0,0.0,13.646341463414634,9.0,0.0,4.670731707317073,21.0,1.0,9.865853658536585,0.75,0.0,0.4563780487804878,0.0,0.0,0.0,1.0,0.0,0.012195121951219513,0.0,0.0,0.0,15.0,0.0,4.304878048780488,20.0,0.0,5.7317073170731705,1.0,0.0,0.7322432432432432,9.0,0.0,3.268292682926829,16.0,0.0,7.060975609756097,21.0,2.0,10.329268292682928,4.0,0.0,1.048780487804878,4.0,0.0,1.2317073170731707,4.0,0.0,0.524390243902439,8.0,0.0,2.451219512195122,6.0,0.0,3.3902439024390243
Jamal Mashburn,50.0,4.0,21.609756097560975,17.0,2.0,8.170731707317072,33.0,8.0,19.341463414634145,0.706,0.176,0.42019512195121955,5.0,0.0,1.451219512195122,10.0,0.0,3.731707317073171,1.0,0.0,0.3788148148148148,12.0,0.0,3.817073170731707,14.0,0.0,4.5,1.0,0.0,0.8369480519480519,4.0,0.0,0.8048780487804879,14.0,1.0,5.2682926829268295,15.0,1.0,6.073170731707317,13.0,1.0,5.634146341463414,2.0,0.0,0.2073170731707317,4.0,0.0,1.0121951219512195,7.0,0.0,2.8048780487804876,5.0,0.0,2.3902439024390243
James Harden,44.0,0.0,24.613636363636363,14.0,0.0,7.7727272727272725,30.0,1.0,16.681818181818183,0.75,0.0,0.4599772727272727,6.0,0.0,2.75,13.0,1.0,7.590909090909091,0.75,0.0,0.3383409090909091,14.0,0.0,6.318181818181818,16.0,0.0,7.340909090909091,1.0,0.0,0.8414761904761906,4.0,0.0,0.7954545454545454,14.0,1.0,7.113636363636363,14.0,1.0,7.909090909090909,17.0,3.0,10.795454545454545,5.0,0.0,0.75,4.0,0.0,1.2045454545454546,9.0,0.0,4.0227272727272725,6.0,0.0,2.25
Jaren Jackson Jr.,40.0,4.0,18.61904761904762,14.0,1.0,6.603174603174603,28.0,2.0,13.047619047619047,0.857,0.167,0.5087142857142858,5.0,0.0,1.5873015873015872,10.0,1.0,4.476190476190476,1.0,0.0,0.3781428571428571,11.0,0.0,3.8253968253968256,12.0,0.0,4.857142857142857,1.0,0.0,0.7692280701754387,5.0,0.0,1.7142857142857142,10.0,0.0,5.0476190476190474,12.0,2.0,6.761904761904762,3.0,0.0,0.9523809523809523,8.0,0.0,3.0,5.0,0.0,1.0317460317460319,5.0,0.0,1.6984126984126984,6.0,0.0,3.6031746031746033
Jarrett Allen,29.0,4.0,16.142857142857142,13.0,2.0,6.589285714285714,20.0,3.0,9.732142857142858,1.0,0.286,0.6884285714285714,1.0,0.0,0.017857142857142856,1.0,0.0,0.17857142857142858,1.0,0.0,0.1,9.0,0.0,2.9464285714285716,10.0,0.0,4.160714285714286,1.0,0.0,0.7237924528301888,11.0,0.0,3.4285714285714284,14.0,2.0,7.321428571428571,22.0,2.0,10.75,4.0,0.0,1.6428571428571428,5.0,0.0,1.3392857142857142,3.0,0.0,0.7857142857142857,4.0,0.0,1.6785714285714286,4.0,0.0,1.7321428571428572
Jason Kidd,26.0,0.0,10.3,10.0,0.0,3.55,21.0,1.0,8.3875,1.0,0.0,0.42225,6.0,0.0,2.2,11.0,1.0,5.175,1.0,0.0,0.4380625,8.0,0.0,1.0,9.0,0.0,1.2375,1.0,0.0,0.7897837837837838,3.0,0.0,0.6,13.0,0.0,4.9625,16.0,0.0,5.5625,17.0,2.0,9.05,3.0,0.0,0.4375,7.0,0.0,1.8125,7.0,0.0,2.4375,5.0,0.0,1.775
Jaylen Brown,43.0,4.0,26.62686567164179,18.0,2.0,10.134328358208956,29.0,9.0,20.64179104477612,0.733,0.222,0.49011940298507456,7.0,0.0,2.4328358208955225,15.0,3.0,7.268656716417911,0.75,0.0,0.32564179104477614,9.0,0.0,3.925373134328358,12.0,0.0,5.134328358208955,1.0,0.0,0.770515625,5.0,0.0,1.164179104477612,14.0,1.0,5.686567164179104,15.0,1.0,6.850746268656716,9.0,0.0,3.462686567164179,4.0,0.0,0.3880597014925373,4.0,0.0,1.1194029850746268,7.0,0.0,2.9402985074626864,5.0,0.0,2.5671641791044775
Jayson Tatum,51.0,12.0,30.06756756756757,15.0,3.0,9.824324324324325,30.0,12.0,21.06756756756757,0.706,0.188,0.46463513513513516,8.0,0.0,3.2432432432432434,17.0,4.0,9.27027027027027,0.8,0.0,0.3367027027027027,17.0,0.0,7.175675675675675,20.0,0.0,8.405405405405405,1.0,0.333,0.8536986301369863,3.0,0.0,1.054054054054054,17.0,1.0,7.716216216216216,19.0,1.0,8.77027027027027,10.0,1.0,4.621621621621622,4.0,0.0,0.6891891891891891,4.0,0.0,1.054054054054054,9.0,0.0,2.8783783783783785,5.0,0.0,2.1621621621621623
Jeff Teague,28.0,3.0,15.917808219178083,10.0,0.0,5.589041095890411,23.0,4.0,12.150684931506849,0.727,0.0,0.45293150684931505,3.0,0.0,0.9726027397260274,7.0,0.0,2.835616438356164,1.0,0.0,0.35851470588235296,12.0,0.0,3.767123287671233,14.0,0.0,4.36986301369863,1.0,0.5,0.8831016949152543,2.0,0.0,0.410958904109589,7.0,0.0,2.1095890410958904,8.0,0.0,2.5205479452054793,15.0,2.0,7.027397260273973,3.0,0.0,0.4246575342465753,4.0,0.0,1.7123287671232876,6.0,0.0,2.808219178082192,5.0,0.0,1.904109589041096
Jermaine O'Neal,39.0,6.0,19.405797101449274,15.0,2.0,7.217391304347826,24.0,9.0,16.536231884057973,0.714,0.154,0.43314492753623185,0.0,0.0,0.0,1.0,0.0,0.10144927536231885,0.0,0.0,0.0,13.0,0.0,4.971014492753623,16.0,0.0,6.478260869565218,1.0,0.143,0.7708437499999999,6.0,0.0,2.217391304347826,15.0,2.0,7.36231884057971,17.0,2.0,9.579710144927537,7.0,0.0,2.420289855072464,8.0,0.0,2.63768115942029,3.0,0.0,0.7246376811594203,8.0,0.0,2.9420289855072466,6.0,0.0,3.36231884057971
Jerry Stackhouse,57.0,11.0,29.75,21.0,4.0,9.675,36.0,12.0,24.0875,0.722,0.174,0.40256250000000005,6.0,0.0,2.075,13.0,0.0,5.9125,0.75,0.0,0.3430506329113924,18.0,0.0,8.325,20.0,0.0,10.125,1.0,0.0,0.8040128205128204,4.0,0.0,1.2375,8.0,0.0,2.7,12.0,0.0,3.9375,11.0,1.0,5.125,4.0,0.0,0.675,5.0,0.0,1.2125,11.0,0.0,4.075,6.0,0.0,2.0
Jimmy Butler,37.0,4.0,21.385964912280702,15.0,1.0,6.982456140350878,25.0,3.0,14.543859649122806,0.875,0.091,0.4736666666666667,3.0,0.0,0.47368421052631576,8.0,0.0,2.0350877192982457,1.0,0.0,0.1916808510638298,16.0,2.0,6.947368421052632,17.0,2.0,7.982456140350878,1.0,0.5,0.8833508771929824,6.0,0.0,1.7894736842105263,10.0,0.0,4.105263157894737,14.0,0.0,5.894736842105263,15.0,1.0,5.473684210526316,2.0,0.0,0.47368421052631576,5.0,0.0,1.6491228070175439,5.0,0.0,2.1228070175438596,4.0,0.0,1.543859649122807
Joakim Noah,26.0,2.0,12.5875,10.0,0.0,4.75,19.0,2.0,10.0,0.8,0.0,0.46585,0.0,0.0,0.0,1.0,0.0,0.025,0.0,0.0,0.0,9.0,0.0,3.0875,11.0,0.0,4.1875,1.0,0.0,0.7085277777777778,9.0,0.0,3.525,15.0,2.0,7.725,21.0,2.0,11.25,14.0,0.0,5.3875,5.0,0.0,1.5125,4.0,0.0,1.2375,6.0,0.0,2.425,6.0,0.0,3.0625
Joe Johnson,37.0,2.0,15.759493670886076,14.0,1.0,5.848101265822785,25.0,5.0,12.886075949367088,0.75,0.143,0.4427594936708861,10.0,0.0,2.050632911392405,14.0,1.0,5.113924050632911,1.0,0.0,0.3760632911392405,9.0,0.0,2.0126582278481013,11.0,0.0,2.4683544303797467,1.0,0.0,0.8224912280701754,3.0,0.0,0.6075949367088608,7.0,0.0,2.810126582278481,8.0,0.0,3.4177215189873418,8.0,0.0,2.7341772151898733,1.0,0.0,0.12658227848101267,3.0,0.0,0.5949367088607594,5.0,0.0,1.518987341772152,5.0,0.0,1.6329113924050633
Joel Embiid,59.0,12.0,33.07575757575758,20.0,5.0,11.030303030303031,32.0,7.0,20.12121212121212,0.8,0.28,0.5485151515151514,4.0,0.0,1.0,7.0,0.0,3.0303030303030303,1.0,0.0,0.29265625000000006,20.0,2.0,10.015151515151516,24.0,2.0,11.681818181818182,1.0,0.5,0.853530303030303,7.0,0.0,1.7121212121212122,17.0,3.0,8.43939393939394,19.0,5.0,10.151515151515152,10.0,1.0,4.151515151515151,7.0,0.0,1.696969696969697,4.0,0.0,1.0,8.0,1.0,3.4242424242424243,6.0,0.0,3.106060606060606
John Stockton,23.0,2.0,12.073170731707316,9.0,1.0,4.426829268292683,19.0,3.0,8.841463414634147,1.0,0.143,0.505780487804878,2.0,0.0,0.524390243902439,4.0,0.0,1.475609756097561,1.0,0.0,0.3504920634920635,11.0,0.0,2.6951219512195124,13.0,0.0,3.1341463414634148,1.0,0.0,0.845546875,3.0,0.0,0.5487804878048781,6.0,0.0,2.073170731707317,9.0,0.0,2.6219512195121952,18.0,2.0,8.573170731707316,1.0,0.0,0.18292682926829268,6.0,0.0,1.7439024390243902,6.0,0.0,2.182926829268293,5.0,0.0,2.341463414634146
John Wall,52.0,9.0,23.141025641025642,18.0,3.0,8.294871794871796,31.0,10.0,18.397435897435898,0.696,0.19,0.4484615384615385,5.0,0.0,1.141025641025641,8.0,1.0,3.4871794871794872,1.0,0.0,0.2964358974358974,14.0,0.0,5.410256410256411,19.0,0.0,6.756410256410256,1.0,0.333,0.8092105263157894,3.0,0.0,0.7564102564102564,9.0,0.0,3.423076923076923,11.0,0.0,4.17948717948718,20.0,3.0,10.653846153846153,3.0,0.0,0.6282051282051282,6.0,0.0,2.0128205128205128,11.0,0.0,4.128205128205129,5.0,0.0,1.935897435897436
Josh Howard,30.0,2.0,18.87142857142857,12.0,1.0,7.042857142857143,24.0,4.0,15.357142857142858,0.75,0.2,0.4523714285714286,4.0,0.0,1.3142857142857143,7.0,0.0,3.414285714285714,1.0,0.0,0.38567647058823523,9.0,0.0,3.4714285714285715,9.0,0.0,4.2,1.0,0.0,0.8031935483870968,6.0,0.0,1.8571428571428572,13.0,0.0,4.928571428571429,17.0,0.0,6.785714285714286,5.0,0.0,1.8142857142857143,3.0,0.0,0.8,4.0,0.0,1.1714285714285715,6.0,0.0,1.7571428571428571,6.0,0.0,2.5714285714285716
Jrue Holiday,51.0,6.0,19.253731343283583,20.0,2.0,7.313432835820896,30.0,6.0,15.26865671641791,0.75,0.133,0.47268656716417906,8.0,0.0,2.3582089552238807,12.0,2.0,6.134328358208955,0.8,0.0,0.36682089552238806,8.0,0.0,2.2686567164179103,10.0,0.0,2.6417910447761193,1.0,0.0,0.8560204081632653,6.0,0.0,1.1791044776119404,8.0,0.0,3.91044776119403,13.0,1.0,5.08955223880597,15.0,0.0,7.388059701492537,3.0,0.0,0.373134328358209,4.0,0.0,1.1791044776119404,8.0,0.0,2.9402985074626864,5.0,0.0,1.7313432835820894
Julius Randle,57.0,3.0,25.142857142857142,19.0,1.0,8.545454545454545,29.0,5.0,18.5974025974026,0.765,0.2,0.45310389610389606,8.0,0.0,2.831168831168831,14.0,2.0,8.25974025974026,0.667,0.0,0.30637662337662336,12.0,0.0,5.220779220779221,16.0,0.0,6.896103896103896,1.0,0.0,0.7627105263157895,7.0,0.0,1.8311688311688312,16.0,2.0,8.12987012987013,19.0,2.0,9.96103896103896,9.0,0.0,4.103896103896104,4.0,0.0,0.2727272727272727,4.0,0.0,0.6363636363636364,7.0,0.0,2.8051948051948052,6.0,0.0,3.0259740259740258
Karl Malone,41.0,2.0,23.185185185185187,15.0,1.0,8.271604938271604,29.0,1.0,16.604938271604937,1.0,0.188,0.5091975308641975,1.0,0.0,0.024691358024691357,1.0,0.0,0.06172839506172839,1.0,0.0,0.4,17.0,0.0,6.617283950617284,22.0,0.0,8.345679012345679,1.0,0.0,0.7912999999999999,5.0,0.0,1.4074074074074074,13.0,1.0,6.851851851851852,15.0,1.0,8.25925925925926,9.0,0.0,4.45679012345679,4.0,0.0,0.7654320987654321,4.0,0.0,1.1481481481481481,9.0,0.0,3.0123456790123457,5.0,0.0,2.6666666666666665
Karl-Anthony Towns,60.0,8.0,24.56756756756757,19.0,3.0,8.675675675675675,31.0,5.0,16.405405405405407,0.8,0.273,0.534445945945946,7.0,0.0,2.027027027027027,11.0,0.0,4.945945945945946,1.0,0.0,0.4087397260273973,15.0,0.0,5.1891891891891895,16.0,0.0,6.3108108108108105,1.0,0.429,0.8324305555555556,7.0,0.0,2.6216216216216215,15.0,2.0,7.202702702702703,17.0,3.0,9.824324324324325,10.0,0.0,3.635135135135135,4.0,0.0,1.1216216216216217,4.0,0.0,0.972972972972973,9.0,0.0,3.054054054054054,6.0,0.0,3.608108108108108
Kawhi Leonard,36.0,13.0,24.846153846153847,14.0,3.0,8.942307692307692,26.0,6.0,17.46153846153846,0.75,0.19,0.5214615384615385,7.0,0.0,1.9423076923076923,9.0,1.0,4.884615384615385,1.0,0.0,0.39121153846153855,12.0,0.0,5.019230769230769,14.0,0.0,5.673076923076923,1.0,0.25,0.8851632653061224,6.0,0.0,1.0576923076923077,12.0,1.0,5.423076923076923,16.0,2.0,6.480769230769231,10.0,2.0,5.173076923076923,3.0,0.0,0.40384615384615385,6.0,0.0,1.5576923076923077,7.0,0.0,2.019230769230769,5.0,0.0,1.5769230769230769
Kemba Walker,44.0,0.0,20.446428571428573,16.0,0.0,6.75,28.0,3.0,15.875,0.833,0.0,0.4159821428571429,8.0,0.0,3.2142857142857144,15.0,1.0,8.446428571428571,1.0,0.0,0.36058928571428567,14.0,0.0,3.732142857142857,15.0,0.0,4.321428571428571,1.0,0.5,0.8516153846153848,3.0,0.0,0.6428571428571429,9.0,0.0,3.232142857142857,11.0,1.0,3.875,11.0,1.0,4.785714285714286,2.0,0.0,0.5,4.0,0.0,0.8571428571428571,7.0,0.0,2.0892857142857144,5.0,0.0,1.625
Kenyon Martin,29.0,4.0,16.70769230769231,12.0,2.0,6.753846153846154,22.0,2.0,13.846153846153847,1.0,0.2,0.49456923076923087,2.0,0.0,0.1076923076923077,2.0,0.0,0.38461538461538464,1.0,0.0,0.25,11.0,0.0,3.0923076923076924,13.0,0.0,4.523076923076923,1.0,0.0,0.6820526315789475,8.0,0.0,2.046153846153846,18.0,1.0,7.446153846153846,21.0,2.0,9.492307692307692,7.0,0.0,2.4615384615384617,4.0,0.0,1.2615384615384615,5.0,0.0,1.4615384615384615,8.0,0.0,2.5846153846153848,6.0,0.0,3.5384615384615383
Kevin Durant,51.0,11.0,25.987179487179485,18.0,3.0,9.243589743589743,33.0,5.0,17.73076923076923,1.0,0.214,0.5437051282051282,5.0,0.0,1.7564102564102564,12.0,1.0,4.9743589743589745,1.0,0.0,0.37897435897435894,16.0,0.0,5.743589743589744,17.0,0.0,6.487179487179487,1.0,0.5,0.8981486486486485,3.0,0.0,0.4230769230769231,13.0,0.0,5.948717948717949,15.0,0.0,6.371794871794871,11.0,2.0,5.858974358974359,7.0,0.0,1.0769230769230769,3.0,0.0,0.7435897435897436,7.0,0.0,2.8846153846153846,6.0,0.0,1.9871794871794872
Kevin Garnett,27.0,5.0,14.764705882352942,11.0,2.0,6.205882352941177,24.0,6.0,12.5,0.875,0.182,0.5094411764705882,1.0,0.0,0.029411764705882353,3.0,0.0,0.23529411764705882,1.0,0.0,0.11538461538461539,8.0,0.0,2.323529411764706,10.0,0.0,2.9558823529411766,1.0,0.0,0.8019814814814815,4.0,0.0,1.1029411764705883,15.0,0.0,6.6911764705882355,18.0,0.0,7.794117647058823,6.0,0.0,2.338235294117647,5.0,0.0,0.9117647058823529,3.0,0.0,1.1470588235294117,6.0,0.0,1.6176470588235294,6.0,0.0,2.264705882352941
Kevin Love,45.0,10.0,26.103896103896105,15.0,2.0,8.441558441558442,27.0,9.0,18.454545454545453,0.652,0.143,0.4568181818181819,8.0,0.0,2.4675324675324677,11.0,2.0,6.558441558441558,0.889,0.0,0.3675844155844156,17.0,1.0,6.753246753246753,18.0,1.0,8.220779220779221,1.0,0.429,0.8372337662337664,7.0,0.0,2.909090909090909,16.0,4.0,9.597402597402597,19.0,6.0,12.506493506493506,10.0,0.0,4.428571428571429,3.0,0.0,0.45454545454545453,3.0,0.0,0.7662337662337663,7.0,0.0,2.5454545454545454,5.0,0.0,1.7662337662337662
Khris Middleton,44.0,4.0,20.075757575757574,16.0,2.0,6.848484848484849,27.0,6.0,15.469696969696969,0.667,0.2,0.4403636363636363,7.0,0.0,2.4545454545454546,12.0,1.0,6.575757575757576,0.714,0.0,0.36072727272727273,9.0,0.0,3.9242424242424243,10.0,0.0,4.409090909090909,1.0,0.0,0.8905333333333334,3.0,0.0,0.6212121212121212,11.0,1.0,4.7727272727272725,11.0,1.0,5.393939393939394,11.0,1.0,5.424242424242424,2.0,0.0,0.2727272727272727,5.0,0.0,1.1515151515151516,8.0,0.0,2.878787878787879,5.0,0.0,2.4242424242424243
Klay Thompson,52.0,5.0,21.53846153846154,18.0,2.0,8.397435897435898,31.0,7.0,17.974358974358974,0.85,0.125,0.461448717948718,14.0,0.0,3.08974358974359,24.0,2.0,7.67948717948718,1.0,0.0,0.3839102564102564,6.0,0.0,1.6538461538461537,7.0,0.0,2.0256410256410255,1.0,0.0,0.8065,3.0,0.0,0.47435897435897434,8.0,0.0,3.358974358974359,9.0,0.0,3.8333333333333335,8.0,0.0,2.3846153846153846,3.0,0.0,0.6025641025641025,4.0,0.0,1.0769230769230769,7.0,0.0,1.4743589743589745,5.0,0.0,2.0128205128205128
Kobe Bryant,60.0,2.0,17.59090909090909,22.0,1.0,6.03030303030303,50.0,2.0,16.863636363636363,0.688,0.071,0.35242424242424236,7.0,0.0,2.015151515151515,21.0,1.0,7.075757575757576,0.75,0.0,0.26886363636363636,11.0,0.0,3.515151515151515,12.0,0.0,4.257575757575758,1.0,0.25,0.8210701754385965,3.0,0.0,0.6212121212121212,10.0,0.0,3.121212121212121,12.0,0.0,3.742424242424242,9.0,0.0,2.787878787878788,2.0,0.0,0.19696969696969696,3.0,0.0,0.9393939393939394,6.0,0.0,1.9545454545454546,5.0,0.0,1.7424242424242424
Kyle Korver,27.0,0.0,12.146666666666667,8.0,0.0,3.8933333333333335,13.0,1.0,8.0,0.889,0.0,0.4754399999999999,7.0,0.0,2.9466666666666668,11.0,0.0,5.986666666666666,1.0,0.0,0.49444594594594604,7.0,0.0,1.4133333333333333,8.0,0.0,1.5733333333333333,1.0,0.0,0.8625,2.0,0.0,0.2,9.0,0.0,3.8533333333333335,10.0,0.0,4.053333333333334,7.0,0.0,2.6133333333333333,3.0,0.0,0.56,4.0,0.0,0.6933333333333334,5.0,0.0,1.4266666666666667,6.0,0.0,1.8666666666666667
Kyle Lowry,36.0,6.0,19.413793103448278,12.0,1.0,5.758620689655173,23.0,5.0,13.844827586206897,0.667,0.111,0.41013793103448276,6.0,0.0,2.8275862068965516,16.0,2.0,8.03448275862069,0.714,0.0,0.35212068965517246,13.0,0.0,5.068965517241379,15.0,0.0,5.913793103448276,1.0,0.5,0.8621249999999999,3.0,0.0,0.5517241379310345,13.0,0.0,4.482758620689655,14.0,1.0,5.0344827586206895,15.0,2.0,7.4655172413793105,2.0,0.0,0.4482758620689655,5.0,0.0,1.4137931034482758,9.0,0.0,3.0689655172413794,5.0,0.0,3.2758620689655173
Kyrie Irving,48.0,4.0,27.05,18.0,2.0,9.9,31.0,11.0,20.05,0.786,0.167,0.49281666666666657,8.0,0.0,3.1333333333333333,15.0,2.0,8.266666666666667,0.8,0.0,0.3698166666666667,12.0,0.0,4.116666666666666,12.0,0.0,4.55,1.0,0.5,0.9167543859649123,5.0,0.0,0.9833333333333333,9.0,0.0,4.083333333333333,11.0,1.0,5.066666666666666,10.0,0.0,5.516666666666667,4.0,0.0,0.75,4.0,0.0,1.1,6.0,0.0,2.1333333333333333,5.0,0.0,2.75
LaMarcus Aldridge,56.0,6.0,21.320987654320987,20.0,2.0,8.444444444444445,33.0,8.0,16.28395061728395,0.857,0.143,0.5128395061728395,1.0,0.0,0.12345679012345678,3.0,0.0,0.5185185185185185,1.0,0.0,0.23736363636363636,16.0,0.0,4.308641975308642,18.0,0.0,5.08641975308642,1.0,0.0,0.854986301369863,10.0,0.0,3.0987654320987654,15.0,1.0,6.08641975308642,19.0,2.0,9.185185185185185,7.0,0.0,2.3950617283950617,5.0,0.0,1.3209876543209877,3.0,0.0,0.5308641975308642,5.0,0.0,1.7777777777777777,5.0,0.0,2.2098765432098766
LaMelo Ball,38.0,2.0,20.106666666666666,13.0,0.0,7.173333333333333,25.0,3.0,16.72,0.714,0.0,0.42413333333333336,8.0,0.0,2.933333333333333,15.0,1.0,7.533333333333333,0.857,0.0,0.3673333333333333,10.0,0.0,2.8266666666666667,13.0,0.0,3.24,1.0,0.0,0.8829242424242425,5.0,0.0,1.44,16.0,0.0,5.24,17.0,0.0,6.68,15.0,1.0,7.613333333333333,2.0,0.0,0.4,5.0,0.0,1.5866666666666667,8.0,0.0,3.2666666666666666,6.0,0.0,3.16
Latrell Sprewell,32.0,5.0,17.714285714285715,12.0,1.0,6.805194805194805,24.0,9.0,15.831168831168831,0.727,0.091,0.4245584415584416,3.0,0.0,0.5324675324675324,5.0,0.0,1.7532467532467533,1.0,0.0,0.26591304347826084,9.0,0.0,3.5714285714285716,13.0,0.0,4.558441558441558,1.0,0.0,0.7848550724637682,3.0,0.0,0.6363636363636364,9.0,0.0,3.8701298701298703,11.0,0.0,4.5064935064935066,9.0,0.0,3.4935064935064934,2.0,0.0,0.36363636363636365,4.0,0.0,1.3766233766233766,8.0,0.0,2.831168831168831,6.0,0.0,2.064935064935065
Lauri Markkanen,49.0,13.0,25.62121212121212,16.0,3.0,8.651515151515152,28.0,9.0,17.348484848484848,0.833,0.136,0.5006060606060607,9.0,0.0,3.0303030303030303,15.0,3.0,7.742424242424242,0.75,0.0,0.3820454545454545,17.0,0.0,5.287878787878788,21.0,0.0,6.045454545454546,1.0,0.0,0.8502903225806452,7.0,0.0,1.9696969696969697,14.0,1.0,6.666666666666667,16.0,3.0,8.636363636363637,5.0,0.0,1.8636363636363635,4.0,0.0,0.5757575757575758,3.0,0.0,0.6363636363636364,6.0,0.0,1.9242424242424243,6.0,0.0,2.0757575757575757
LeBron James,48.0,13.0,28.90909090909091,18.0,5.0,11.072727272727272,30.0,11.0,22.163636363636364,0.667,0.25,0.49823636363636353,9.0,0.0,2.2,14.0,2.0,6.8545454545454545,0.75,0.0,0.2891636363636364,12.0,0.0,4.5636363636363635,15.0,1.0,5.945454545454545,1.0,0.0,0.7353818181818182,6.0,0.0,1.1818181818181819,13.0,2.0,7.127272727272727,17.0,2.0,8.309090909090909,11.0,3.0,6.818181818181818,2.0,0.0,0.5818181818181818,4.0,0.0,0.9090909090909091,9.0,0.0,3.2363636363636363,4.0,0.0,1.6
Luka Doncic,60.0,0.0,32.39393939393939,21.0,0.0,10.893939393939394,31.0,2.0,21.954545454545453,0.708,0.0,0.48536363636363633,7.0,0.0,2.803030303030303,16.0,1.0,8.196969696969697,0.667,0.0,0.3273030303030303,18.0,0.0,7.803030303030303,22.0,0.0,10.515151515151516,1.0,0.167,0.7300769230769231,5.0,0.0,0.8181818181818182,16.0,1.0,7.803030303030303,21.0,1.0,8.621212121212121,17.0,0.0,8.015151515151516,3.0,0.0,0.5,4.0,0.0,1.3636363636363635,7.0,0.0,3.5757575757575757,6.0,0.0,2.515151515151515
Luol Deng,33.0,3.0,16.493333333333332,13.0,1.0,6.213333333333333,24.0,6.0,14.573333333333334,0.778,0.167,0.4230533333333333,4.0,0.0,1.0,8.0,0.0,3.1066666666666665,1.0,0.0,0.2778591549295774,11.0,0.0,3.066666666666667,17.0,0.0,3.76,1.0,0.333,0.8474761904761906,7.0,0.0,2.16,11.0,0.0,4.1866666666666665,14.0,1.0,6.346666666666667,8.0,0.0,2.96,2.0,0.0,0.4266666666666667,4.0,0.0,1.08,5.0,0.0,1.92,5.0,0.0,1.4
Manu Ginobili,35.0,0.0,17.4125,11.0,0.0,5.5125,24.0,1.0,12.725,0.727,0.0,0.42921250000000005,5.0,0.0,1.925,12.0,0.0,5.5125,0.75,0.0,0.32574358974358975,14.0,0.0,4.4625,16.0,0.0,5.125,1.0,0.0,0.8493287671232878,3.0,0.0,0.525,8.0,0.0,3.1625,9.0,0.0,3.6875,9.0,0.0,4.9125,1.0,0.0,0.35,5.0,0.0,1.5375,6.0,0.0,2.175,5.0,0.0,2.0375
Marc Gasol,42.0,2.0,19.54054054054054,14.0,0.0,7.1891891891891895,25.0,6.0,15.675675675675675,0.824,0.0,0.4536891891891891,5.0,0.0,1.4054054054054055,10.0,1.0,3.6216216216216215,1.0,0.0,0.34143243243243243,10.0,0.0,3.7567567567567566,11.0,0.0,4.486486486486487,1.0,0.0,0.8280441176470589,3.0,0.0,0.8108108108108109,11.0,1.0,5.45945945945946,12.0,1.0,6.27027027027027,10.0,0.0,4.5675675675675675,5.0,0.0,1.337837837837838,3.0,0.0,0.9054054054054054,6.0,0.0,2.2432432432432434,6.0,0.0,2.310810810810811
Mehmet Okur,38.0,3.0,17.5625,13.0,1.0,6.125,27.0,4.0,13.2625,0.867,0.111,0.45843750000000005,5.0,0.0,1.6125,9.0,0.0,4.2,1.0,0.0,0.3713896103896104,10.0,0.0,3.7,11.0,0.0,4.8375,1.0,0.0,0.7426666666666667,6.0,0.0,2.0,11.0,0.0,5.2375,13.0,1.0,7.2375,6.0,0.0,1.95,3.0,0.0,0.475,3.0,0.0,0.45,6.0,0.0,1.5625,6.0,1.0,3.2125
Michael Finley,38.0,7.0,21.524390243902438,16.0,3.0,8.670731707317072,29.0,9.0,18.926829268292682,0.727,0.188,0.45764634146341454,5.0,0.0,1.1097560975609757,10.0,0.0,3.207317073170732,1.0,0.0,0.32362820512820517,11.0,0.0,3.073170731707317,14.0,0.0,3.9634146341463414,1.0,0.0,0.7847323943661972,5.0,0.0,1.329268292682927,12.0,0.0,3.8536585365853657,13.0,1.0,5.182926829268292,11.0,0.0,4.390243902439025,3.0,0.0,0.3902439024390244,10.0,0.0,1.4390243902439024,8.0,0.0,2.317073170731707,6.0,0.0,2.1219512195121952
Michael Jordan,45.0,2.0,20.0,18.0,1.0,8.28048780487805,33.0,5.0,18.621951219512194,0.8,0.111,0.43921951219512195,3.0,0.0,0.1951219512195122,4.0,0.0,0.6707317073170732,1.0,0.0,0.24769444444444444,13.0,0.0,3.2439024390243905,16.0,0.0,3.951219512195122,1.0,0.0,0.8338028169014085,5.0,0.0,0.8658536585365854,13.0,0.0,5.195121951219512,14.0,0.0,6.060975609756097,12.0,0.0,3.792682926829268,3.0,0.0,0.47560975609756095,6.0,0.0,1.5,9.0,0.0,2.1097560975609757,6.0,0.0,2.0853658536585367
Michael Redd,40.0,6.0,21.658536585365855,16.0,2.0,7.719512195121951,33.0,10.0,17.548780487804876,0.714,0.167,0.43792682926829263,6.0,0.0,1.548780487804878,10.0,1.0,4.426829268292683,1.0,0.0,0.3239146341463415,11.0,0.0,4.670731707317073,13.0,0.0,5.378048780487805,1.0,0.5,0.8749722222222223,7.0,0.0,1.4390243902439024,9.0,0.0,3.524390243902439,14.0,1.0,4.963414634146342,6.0,0.0,2.2560975609756095,1.0,0.0,0.07317073170731707,3.0,0.0,0.9878048780487805,4.0,0.0,1.4146341463414633,5.0,0.0,1.853658536585366
Mike Conley,33.0,5.0,16.215686274509803,11.0,2.0,5.568627450980392,20.0,7.0,12.549019607843137,0.667,0.154,0.438156862745098,7.0,0.0,2.7058823529411766,14.0,3.0,6.568627450980392,1.0,0.0,0.4182745098039215,7.0,0.0,2.372549019607843,8.0,0.0,2.784313725490196,1.0,0.0,0.8633589743589744,3.0,0.0,0.7058823529411765,7.0,0.0,2.764705882352941,10.0,0.0,3.4705882352941178,14.0,0.0,5.980392156862745,1.0,0.0,0.17647058823529413,4.0,0.0,1.3725490196078431,6.0,0.0,1.9411764705882353,5.0,0.0,1.9215686274509804
Mo Williams,44.0,5.0,17.814814814814813,18.0,2.0,6.493827160493828,26.0,3.0,13.901234567901234,0.778,0.214,0.4645555555555556,7.0,0.0,2.259259259259259,12.0,0.0,5.185185185185185,1.0,0.0,0.421675,9.0,0.0,2.567901234567901,11.0,0.0,2.814814814814815,1.0,0.0,0.9168732394366195,3.0,0.0,0.5802469135802469,7.0,0.0,2.8641975308641974,8.0,0.0,3.4444444444444446,11.0,0.0,4.061728395061729,2.0,0.0,0.1111111111111111,4.0,0.0,0.8518518518518519,5.0,0.0,2.2098765432098766,6.0,0.0,2.654320987654321
Nikola Jokic,43.0,6.0,24.492753623188406,17.0,2.0,9.36231884057971,26.0,4.0,14.81159420289855,1.0,0.3,0.6464782608695651,4.0,0.0,0.8260869565217391,9.0,0.0,2.1594202898550723,1.0,0.0,0.38459615384615387,16.0,0.0,4.942028985507246,18.0,0.0,6.0144927536231885,1.0,0.0,0.7987611940298507,8.0,0.0,2.420289855072464,20.0,2.0,9.420289855072463,27.0,4.0,11.840579710144928,16.0,3.0,9.826086956521738,4.0,0.0,0.6811594202898551,5.0,0.0,1.2608695652173914,10.0,0.0,3.579710144927536,5.0,0.0,2.5217391304347827
Nikola Vucevic,43.0,9.0,23.414285714285715,17.0,4.0,9.514285714285714,29.0,11.0,19.942857142857143,0.773,0.222,0.4778571428571429,6.0,0.0,2.5142857142857142,13.0,2.0,6.285714285714286,1.0,0.0,0.41332857142857143,7.0,0.0,1.8714285714285714,9.0,0.0,2.2285714285714286,1.0,0.0,0.8778,6.0,0.0,2.085714285714286,16.0,3.0,9.585714285714285,19.0,5.0,11.67142857142857,10.0,0.0,3.842857142857143,3.0,0.0,0.6857142857142857,5.0,0.0,0.9285714285714286,7.0,0.0,1.8,4.0,0.0,1.957142857142857
Pascal Siakam,52.0,11.0,24.225352112676056,17.0,4.0,8.873239436619718,27.0,10.0,18.492957746478872,0.846,0.222,0.47995774647887324,5.0,0.0,1.3098591549295775,9.0,0.0,4.042253521126761,1.0,0.0,0.319768115942029,16.0,0.0,5.169014084507042,18.0,0.0,6.676056338028169,1.0,0.0,0.7771884057971015,5.0,0.0,1.8450704225352113,15.0,0.0,5.985915492957746,15.0,2.0,7.830985915492958,13.0,1.0,5.845070422535211,3.0,0.0,0.5070422535211268,4.0,0.0,0.9154929577464789,6.0,0.0,2.380281690140845,6.0,1.0,3.211267605633803
Pau Gasol,31.0,1.0,16.48611111111111,13.0,0.0,6.486111111111111,23.0,5.0,13.819444444444445,0.722,0.0,0.4715694444444444,3.0,0.0,0.3333333333333333,5.0,0.0,0.9583333333333334,1.0,0.0,0.2687073170731707,10.0,0.0,3.1805555555555554,14.0,0.0,4.013888888888889,1.0,0.25,0.7860882352941176,7.0,0.0,2.1527777777777777,17.0,2.0,8.86111111111111,19.0,2.0,11.01388888888889,14.0,0.0,4.083333333333333,6.0,0.0,2.0277777777777777,2.0,0.0,0.5833333333333334,8.0,0.0,2.2777777777777777,6.0,0.0,2.0555555555555554
Paul George,45.0,3.0,23.785714285714285,16.0,1.0,8.196428571428571,31.0,9.0,17.928571428571427,0.737,0.111,0.4511607142857143,7.0,0.0,2.8214285714285716,14.0,3.0,7.607142857142857,0.667,0.0,0.35896428571428574,14.0,0.0,4.571428571428571,15.0,0.0,5.25,1.0,0.0,0.841061224489796,4.0,0.0,0.8035714285714286,10.0,1.0,5.303571428571429,11.0,1.0,6.107142857142857,12.0,1.0,5.142857142857143,2.0,0.0,0.35714285714285715,6.0,0.0,1.4821428571428572,10.0,0.0,3.142857142857143,5.0,0.0,2.8392857142857144
Paul Millsap,37.0,4.0,18.057971014492754,13.0,1.0,6.231884057971015,29.0,5.0,14.08695652173913,0.8,0.143,0.44350724637681155,3.0,0.0,1.0869565217391304,8.0,0.0,3.4927536231884058,1.0,0.0,0.2841911764705882,12.0,0.0,4.507246376811594,14.0,0.0,5.869565217391305,1.0,0.333,0.7783333333333334,8.0,0.0,1.608695652173913,11.0,1.0,6.115942028985507,19.0,2.0,7.72463768115942,10.0,0.0,3.652173913043478,5.0,0.0,0.8985507246376812,5.0,0.0,1.3043478260869565,6.0,0.0,2.289855072463768,5.0,0.0,2.6956521739130435
Paul Pierce,43.0,7.0,19.360655737704917,13.0,2.0,6.459016393442623,23.0,5.0,14.59016393442623,0.714,0.176,0.4455409836065574,4.0,0.0,1.639344262295082,10.0,1.0,4.475409836065574,1.0,0.0,0.3622295081967214,17.0,0.0,4.80327868852459,18.0,0.0,5.639344262295082,1.0,0.333,0.8646964285714286,3.0,0.0,0.6065573770491803,10.0,0.0,4.590163934426229,10.0,0.0,5.19672131147541,14.0,0.0,4.491803278688525,3.0,0.0,0.4262295081967213,4.0,0.0,1.1475409836065573,7.0,0.0,2.8360655737704916,6.0,0.0,2.4098360655737703
Peja Stojakovic,41.0,11.0,24.246913580246915,13.0,4.0,8.209876543209877,25.0,10.0,17.11111111111111,0.692,0.308,0.48141975308641966,7.0,0.0,2.962962962962963,13.0,0.0,6.839506172839506,0.833,0.0,0.42010126582278473,14.0,0.0,4.864197530864198,16.0,0.0,5.246913580246914,1.0,0.333,0.9289189189189191,6.0,0.0,1.123456790123457,11.0,1.0,5.148148148148148,12.0,1.0,6.271604938271605,7.0,0.0,2.1358024691358026,1.0,0.0,0.1728395061728395,6.0,0.0,1.3333333333333333,6.0,0.0,1.8888888888888888,5.0,0.0,1.962962962962963
Rajon Rondo,35.0,0.0,11.88679245283019,15.0,0.0,4.830188679245283,27.0,1.0,10.79245283018868,0.875,0.0,0.4298679245283019,2.0,0.0,0.18867924528301888,4.0,0.0,0.7924528301886793,1.0,0.0,0.20113793103448277,10.0,0.0,2.0377358490566038,13.0,0.0,3.4150943396226414,1.0,0.0,0.535,4.0,0.0,1.169811320754717,13.0,0.0,3.6792452830188678,17.0,0.0,4.849056603773585,20.0,2.0,11.69811320754717,1.0,0.0,0.05660377358490566,6.0,0.0,1.7924528301886793,8.0,0.0,3.641509433962264,5.0,0.0,1.8679245283018868
Rashard Lewis,30.0,3.0,17.734177215189874,11.0,0.0,6.050632911392405,23.0,6.0,13.784810126582279,0.75,0.0,0.436253164556962,6.0,0.0,2.7848101265822787,13.0,3.0,7.012658227848101,1.0,0.0,0.39451898734177215,10.0,0.0,2.848101265822785,11.0,0.0,3.4050632911392404,1.0,0.0,0.8303571428571429,9.0,0.0,1.1645569620253164,9.0,0.0,4.569620253164557,12.0,1.0,5.734177215189874,9.0,0.0,2.5949367088607596,3.0,0.0,0.6455696202531646,6.0,0.0,1.0253164556962024,6.0,0.0,2.0,6.0,0.0,2.4556962025316458
Rasheed Wallace,36.0,2.0,12.714285714285714,12.0,1.0,4.883116883116883,24.0,3.0,11.2987012987013,0.875,0.154,0.4347272727272727,5.0,0.0,1.4545454545454546,10.0,0.0,4.090909090909091,1.0,0.0,0.33361842105263156,9.0,0.0,1.4935064935064934,11.0,0.0,1.948051948051948,1.0,0.0,0.7822083333333335,5.0,0.0,1.0909090909090908,13.0,2.0,5.545454545454546,15.0,2.0,6.636363636363637,6.0,0.0,1.7792207792207793,5.0,0.0,1.6753246753246753,5.0,0.0,1.1818181818181819,5.0,0.0,1.1168831168831168,6.0,0.0,2.7662337662337664
Ray Allen,35.0,5.0,16.5125,13.0,2.0,6.0,23.0,6.0,12.225,0.833,0.182,0.49119999999999997,7.0,0.0,2.1,9.0,1.0,4.725,1.0,0.0,0.44613749999999996,8.0,0.0,2.4125,8.0,0.0,2.7375,1.0,0.0,0.8822535211267606,3.0,0.0,0.6375,8.0,0.0,2.7875,8.0,0.0,3.425,8.0,0.0,2.7375,2.0,0.0,0.2,4.0,0.0,0.9625,6.0,0.0,1.4625,5.0,0.0,1.8375
Reggie Miller,32.0,6.0,18.14814814814815,12.0,1.0,5.753086419753086,22.0,5.0,12.851851851851851,0.833,0.111,0.45135802469135794,6.0,0.0,2.037037037037037,11.0,1.0,4.987654320987654,1.0,0.0,0.3985925925925926,19.0,0.0,4.604938271604938,21.0,0.0,5.012345679012346,1.0,0.0,0.9146164383561644,3.0,0.0,0.6172839506172839,7.0,0.0,2.3333333333333335,9.0,0.0,2.950617283950617,8.0,0.0,2.308641975308642,3.0,0.0,0.30864197530864196,5.0,0.0,1.0493827160493827,5.0,0.0,1.5925925925925926,5.0,0.0,1.5555555555555556
Richard Hamilton,39.0,2.0,17.27777777777778,16.0,1.0,6.930555555555555,25.0,6.0,14.305555555555555,0.9,0.125,0.48844444444444446,5.0,0.0,0.8611111111111112,9.0,0.0,1.9583333333333333,1.0,0.0,0.38398245614035087,8.0,0.0,2.5555555555555554,9.0,0.0,3.0694444444444446,1.0,0.0,0.8189655172413793,5.0,0.0,1.0416666666666667,7.0,0.0,2.2222222222222223,8.0,0.0,3.263888888888889,10.0,0.0,4.152777777777778,2.0,0.0,0.1388888888888889,4.0,0.0,1.0138888888888888,6.0,0.0,1.8333333333333333,6.0,0.0,2.375
Ronald Artest,35.0,3.0,18.26027397260274,12.0,1.0,6.410958904109589,27.0,5.0,15.232876712328768,0.7,0.1,0.4197260273972603,4.0,0.0,1.0273972602739727,9.0,0.0,3.315068493150685,1.0,0.0,0.28881428571428575,12.0,0.0,4.410958904109589,17.0,0.0,6.013698630136986,1.0,0.0,0.7314142857142857,4.0,0.0,1.36986301369863,9.0,0.0,3.904109589041096,12.0,0.0,5.273972602739726,9.0,0.0,3.7260273972602738,4.0,0.0,0.684931506849315,8.0,0.0,2.0821917808219177,7.0,0.0,2.767123287671233,6.0,0.0,2.6575342465753424
Roy Hibbert,27.0,0.0,10.753086419753087,10.0,0.0,4.08641975308642,17.0,3.0,9.308641975308642,0.8,0.0,0.4321234567901235,1.0,0.0,0.024691358024691357,1.0,0.0,0.06172839506172839,1.0,0.0,0.4,13.0,0.0,2.5555555555555554,16.0,0.0,3.3209876543209877,1.0,0.0,0.7515322580645161,7.0,0.0,2.493827160493827,10.0,0.0,4.148148148148148,16.0,0.0,6.6419753086419755,3.0,0.0,1.123456790123457,8.0,0.0,2.246913580246914,2.0,0.0,0.35802469135802467,5.0,0.0,1.8271604938271604,6.0,0.0,3.3209876543209877
Rudy Gobert,27.0,5.0,15.56060606060606,12.0,2.0,5.484848484848484,14.0,3.0,7.696969696969697,1.0,0.375,0.7224999999999999,0.0,0.0,0.0,2.0,0.0,0.06060606060606061,0.0,0.0,0.0,15.0,0.0,4.590909090909091,18.0,0.0,6.651515151515151,1.0,0.0,0.6738571428571429,8.0,0.0,3.6515151515151514,19.0,4.0,11.015151515151516,21.0,4.0,14.666666666666666,4.0,0.0,1.0909090909090908,6.0,0.0,2.0757575757575757,3.0,0.0,0.6818181818181818,4.0,0.0,1.803030303030303,5.0,0.0,2.6666666666666665
Russell Westbrook,45.0,10.0,27.24561403508772,18.0,3.0,10.596491228070175,33.0,11.0,22.473684210526315,0.765,0.233,0.47321052631578947,3.0,0.0,0.9649122807017544,11.0,0.0,3.736842105263158,1.0,0.0,0.2698679245283019,13.0,0.0,5.087719298245614,13.0,0.0,6.666666666666667,1.0,0.0,0.759625,7.0,0.0,1.7543859649122806,12.0,2.0,6.157894736842105,16.0,2.0,7.912280701754386,13.0,2.0,7.035087719298246,2.0,0.0,0.3508771929824561,4.0,0.0,1.631578947368421,10.0,1.0,4.473684210526316,6.0,0.0,3.508771929824561
Sam Cassell,36.0,6.0,19.790123456790123,14.0,2.0,7.654320987654321,29.0,8.0,15.679012345679013,0.778,0.182,0.48420987654320985,4.0,0.0,0.9135802469135802,8.0,0.0,2.2962962962962963,1.0,0.0,0.39275714285714286,10.0,0.0,3.567901234567901,13.0,0.0,4.08641975308642,1.0,0.333,0.8873676470588235,4.0,0.0,0.5432098765432098,10.0,0.0,2.802469135802469,10.0,0.0,3.345679012345679,14.0,1.0,7.308641975308642,2.0,0.0,0.2222222222222222,4.0,0.0,1.2592592592592593,7.0,0.0,2.7160493827160495,6.0,0.0,3.049382716049383
Shai Gilgeous-Alexander,44.0,14.0,31.397058823529413,17.0,4.0,10.352941176470589,29.0,13.0,20.308823529411764,0.813,0.267,0.511220588235294,3.0,0.0,0.8529411764705882,6.0,0.0,2.4705882352941178,1.0,0.0,0.3690806451612903,18.0,1.0,9.838235294117647,19.0,1.0,10.867647058823529,1.0,0.625,0.9027058823529412,5.0,0.0,0.8676470588235294,9.0,0.0,3.9705882352941178,10.0,0.0,4.838235294117647,11.0,1.0,5.455882352941177,4.0,0.0,0.9558823529411765,4.0,0.0,1.6470588235294117,7.0,0.0,2.823529411764706,6.0,0.0,2.823529411764706
Shaquille O'Neal,45.0,3.0,17.773333333333333,20.0,1.0,6.826666666666667,25.0,2.0,11.213333333333333,1.0,0.167,0.6110266666666667,0.0,0.0,0.0,1.0,0.0,0.013333333333333334,0.0,0.0,0.0,11.0,0.0,4.12,18.0,0.0,6.92,1.0,0.0,0.6063194444444444,7.0,0.0,2.493333333333333,11.0,1.0,5.946666666666666,17.0,1.0,8.44,6.0,0.0,1.68,4.0,0.0,1.44,4.0,0.0,0.6533333333333333,6.0,0.0,2.24,6.0,1.0,3.3733333333333335
Shareef Abdur-Rahim,50.0,2.0,21.246753246753247,21.0,1.0,7.766233766233766,30.0,3.0,16.844155844155843,0.75,0.143,0.45835064935064923,2.0,0.0,0.2727272727272727,4.0,0.0,0.9090909090909091,1.0,0.0,0.29444444444444445,16.0,0.0,5.441558441558442,16.0,0.0,6.792207792207792,1.0,0.0,0.7881733333333333,7.0,0.0,2.5714285714285716,14.0,0.0,6.467532467532467,18.0,3.0,9.03896103896104,9.0,0.0,3.103896103896104,5.0,0.0,1.0649350649350648,7.0,0.0,1.2727272727272727,8.0,0.0,3.2467532467532467,6.0,0.0,2.7662337662337664
Shawn Marion,35.0,4.0,17.5375,13.0,2.0,7.0125,22.0,5.0,13.3875,0.818,0.222,0.523475,3.0,0.0,1.0,7.0,0.0,3.15,1.0,0.0,0.2723076923076923,11.0,0.0,2.5125,11.0,0.0,3.1,1.0,0.0,0.7540000000000001,7.0,0.0,2.15,16.0,2.0,7.6625,23.0,2.0,9.8125,5.0,0.0,1.675,6.0,0.0,1.525,5.0,0.0,1.95,5.0,0.0,1.425,6.0,0.0,2.7
Stephen Curry,50.0,3.0,25.46875,16.0,1.0,8.359375,29.0,4.0,19.125,0.64,0.176,0.433671875,9.0,1.0,4.453125,20.0,4.0,11.71875,0.8,0.077,0.374359375,13.0,0.0,4.296875,13.0,0.0,4.65625,1.0,0.0,0.8891929824561403,3.0,0.0,0.53125,10.0,0.0,4.703125,10.0,1.0,5.234375,14.0,1.0,6.3125,2.0,0.0,0.359375,6.0,0.0,1.328125,7.0,0.0,3.21875,6.0,0.0,2.03125
Stephon Marbury,43.0,2.0,22.296296296296298,18.0,1.0,8.283950617283951,34.0,2.0,18.88888888888889,0.857,0.167,0.43619753086419744,6.0,0.0,1.0987654320987654,8.0,0.0,3.654320987654321,1.0,0.0,0.24748684210526317,16.0,0.0,4.62962962962963,17.0,0.0,5.765432098765432,1.0,0.0,0.7767368421052631,5.0,0.0,0.654320987654321,8.0,0.0,2.5925925925925926,8.0,0.0,3.246913580246914,15.0,0.0,8.074074074074074,2.0,0.0,0.24691358024691357,5.0,0.0,1.3333333333333333,7.0,0.0,3.246913580246914,6.0,0.0,2.4691358024691357
Steve Francis,33.0,2.0,16.582278481012658,11.0,1.0,5.69620253164557,27.0,5.0,14.139240506329115,0.818,0.091,0.40601265822784816,4.0,0.0,0.9240506329113924,10.0,0.0,3.1645569620253164,1.0,0.0,0.29675342465753424,13.0,0.0,4.265822784810126,16.0,0.0,5.506329113924051,1.0,0.25,0.7861408450704225,4.0,0.0,1.4683544303797469,10.0,0.0,4.012658227848101,11.0,2.0,5.481012658227848,13.0,1.0,6.2405063291139244,2.0,0.0,0.4430379746835443,5.0,0.0,1.759493670886076,8.0,1.0,3.721518987341772,6.0,0.0,3.2531645569620253
Steve Nash,30.0,1.0,12.451612903225806,13.0,0.0,4.758064516129032,19.0,2.0,8.951612903225806,1.0,0.0,0.5195645161290323,4.0,0.0,0.8870967741935484,7.0,0.0,2.274193548387097,1.0,0.0,0.3675961538461539,9.0,0.0,2.0483870967741935,9.0,0.0,2.2903225806451615,1.0,0.0,0.8721904761904762,2.0,0.0,0.41935483870967744,8.0,0.0,2.5806451612903225,8.0,0.0,3.0,17.0,0.0,10.709677419354838,1.0,0.0,0.12903225806451613,3.0,0.0,0.6129032258064516,7.0,0.0,3.693548387096774,4.0,0.0,0.8548387096774194
Tim Duncan,32.0,3.0,13.896103896103897,12.0,0.0,5.441558441558442,24.0,1.0,10.636363636363637,1.0,0.0,0.5277792207792207,1.0,0.0,0.025974025974025976,2.0,0.0,0.09090909090909091,1.0,0.0,0.3333333333333333,8.0,0.0,2.987012987012987,15.0,0.0,4.038961038961039,1.0,0.0,0.7559571428571429,7.0,0.0,2.207792207792208,13.0,2.0,6.935064935064935,18.0,3.0,9.142857142857142,10.0,0.0,2.987012987012987,6.0,0.0,1.9610389610389611,3.0,0.0,0.8181818181818182,6.0,0.0,1.7012987012987013,5.0,0.0,2.142857142857143
Tony Parker,37.0,2.0,16.676470588235293,14.0,1.0,6.705882352941177,27.0,4.0,13.441176470588236,1.0,0.2,0.5035,2.0,0.0,0.36764705882352944,4.0,0.0,0.9852941176470589,1.0,0.0,0.3597560975609756,11.0,0.0,2.8970588235294117,13.0,0.0,3.573529411764706,1.0,0.0,0.8141754385964912,2.0,0.0,0.25,6.0,0.0,2.0294117647058822,6.0,0.0,2.2794117647058822,10.0,1.0,5.705882352941177,2.0,0.0,0.1323529411764706,2.0,0.0,0.5294117647058824,6.0,0.0,2.2205882352941178,4.0,0.0,1.2647058823529411
Tracy McGrady,45.0,0.0,24.6056338028169,17.0,0.0,8.985915492957746,32.0,3.0,20.845070422535212,0.722,0.0,0.4286619718309859,5.0,0.0,1.7746478873239437,11.0,1.0,5.366197183098592,1.0,0.0,0.3018450704225351,15.0,0.0,4.859154929577465,18.0,0.0,6.873239436619718,1.0,0.0,0.6749253731343283,4.0,0.0,0.7887323943661971,12.0,1.0,4.535211267605634,12.0,1.0,5.323943661971831,13.0,1.0,6.450704225352113,3.0,0.0,0.5070422535211268,4.0,0.0,1.295774647887324,7.0,0.0,3.0,5.0,0.0,1.9154929577464788
Trae Young,56.0,9.0,28.355263157894736,17.0,3.0,9.355263157894736,31.0,12.0,20.31578947368421,0.75,0.176,0.45497368421052636,8.0,0.0,3.0657894736842106,15.0,4.0,8.026315789473685,0.8,0.0,0.3612105263157894,15.0,0.0,6.578947368421052,15.0,0.0,7.276315789473684,1.0,0.5,0.8978108108108108,5.0,0.0,0.6578947368421053,9.0,0.0,3.0789473684210527,9.0,0.0,3.736842105263158,16.0,4.0,9.697368421052632,1.0,0.0,0.09210526315789473,4.0,0.0,0.9473684210526315,9.0,1.0,3.986842105263158,5.0,0.0,1.6842105263157894
Tyrese Haliburton,43.0,1.0,20.714285714285715,14.0,0.0,7.357142857142857,24.0,8.0,15.017857142857142,0.8,0.0,0.48483928571428575,10.0,0.0,2.875,16.0,2.0,7.178571428571429,0.875,0.0,0.3908214285714286,12.0,0.0,3.125,15.0,0.0,3.5892857142857144,1.0,0.0,0.8577391304347827,3.0,0.0,0.5892857142857143,9.0,0.0,3.0714285714285716,9.0,0.0,3.6607142857142856,19.0,4.0,10.446428571428571,3.0,0.0,0.44642857142857145,5.0,0.0,1.625,7.0,0.0,2.517857142857143,4.0,0.0,1.2321428571428572
Tyson Chandler,28.0,1.0,10.43939393939394,12.0,0.0,3.8636363636363638,13.0,1.0,6.0606060606060606,1.0,0.0,0.6436060606060605,0.0,0.0,0.0,0.0,0.0,0.0,,,,11.0,0.0,2.712121212121212,14.0,0.0,3.909090909090909,1.0,0.0,0.6822413793103448,10.0,0.0,4.075757575757576,18.0,1.0,6.575757575757576,28.0,2.0,10.651515151515152,5.0,0.0,0.9393939393939394,5.0,0.0,1.1363636363636365,3.0,0.0,0.6363636363636364,4.0,0.0,1.3181818181818181,6.0,0.0,2.8484848484848486
Victor Oladipo,47.0,5.0,23.133333333333333,15.0,2.0,8.533333333333333,29.0,9.0,17.893333333333334,0.818,0.19,0.48862666666666676,6.0,0.0,2.1466666666666665,13.0,2.0,5.786666666666667,0.75,0.0,0.3754533333333333,12.0,0.0,3.92,14.0,0.0,4.906666666666666,1.0,0.0,0.7904366197183098,3.0,0.0,0.6266666666666667,13.0,1.0,4.573333333333333,15.0,1.0,5.2,12.0,0.0,4.306666666666667,4.0,0.0,0.76,7.0,0.0,2.36,10.0,0.0,2.92,5.0,0.0,2.3333333333333335
Vince Carter,46.0,8.0,25.24390243902439,16.0,3.0,8.853658536585366,30.0,9.0,19.48780487804878,0.765,0.2,0.4509268292682927,9.0,0.0,1.9024390243902438,20.0,0.0,5.329268292682927,1.0,0.0,0.33871604938271604,14.0,0.0,5.634146341463414,18.0,0.0,7.024390243902439,1.0,0.0,0.787076923076923,4.0,0.0,1.3902439024390243,12.0,1.0,4.609756097560975,16.0,2.0,6.0,13.0,1.0,4.7926829268292686,3.0,0.0,0.36585365853658536,4.0,0.0,1.0,8.0,0.0,2.6463414634146343,6.0,0.0,3.2439024390243905
Vlade Divac,34.0,1.0,12.024691358024691,11.0,0.0,4.493827160493828,22.0,2.0,9.320987654320987,1.0,0.0,0.4803333333333334,1.0,0.0,0.04938271604938271,2.0,0.0,0.1728395061728395,1.0,0.0,0.2727272727272727,12.0,0.0,2.9876543209876543,16.0,0.0,4.320987654320987,1.0,0.333,0.7106119402985075,9.0,0.0,2.5555555555555554,12.0,0.0,5.753086419753086,19.0,0.0,8.308641975308642,7.0,0.0,2.8518518518518516,6.0,0.0,1.1481481481481481,4.0,0.0,1.0740740740740742,7.0,0.0,2.3703703703703702,6.0,0.0,2.9876543209876543
Wally Szczerbiak,37.0,3.0,18.670731707317074,14.0,1.0,7.426829268292683,24.0,6.0,14.634146341463415,0.818,0.167,0.5049024390243901,3.0,0.0,1.0609756097560976,6.0,0.0,2.3292682926829267,1.0,0.0,0.46912,13.0,0.0,2.7560975609756095,13.0,0.0,3.317073170731707,1.0,0.0,0.813126984126984,5.0,0.0,1.4634146341463414,9.0,0.0,3.3048780487804876,14.0,1.0,4.7682926829268295,8.0,0.0,3.1341463414634148,2.0,0.0,0.25609756097560976,3.0,0.0,0.8048780487804879,6.0,0.0,2.207317073170732,6.0,0.0,2.292682926829268
Yao Ming,33.0,7.0,19.662337662337663,13.0,2.0,7.35064935064935,23.0,7.0,13.402597402597403,1.0,0.25,0.5550129870129871,1.0,0.0,0.012987012987012988,1.0,0.0,0.012987012987012988,1.0,1.0,1.0,17.0,0.0,4.9480519480519485,19.0,0.0,5.714285714285714,1.0,0.0,0.8669722222222221,7.0,0.0,2.6493506493506493,15.0,0.0,7.233766233766234,19.0,1.0,9.883116883116884,6.0,0.0,1.7792207792207793,6.0,0.0,1.948051948051948,2.0,0.0,0.38961038961038963,6.0,0.0,3.038961038961039,6.0,0.0,3.3376623376623376
Zach LaVine,39.0,0.0,24.402985074626866,14.0,0.0,8.432835820895523,27.0,0.0,17.70149253731343,0.769,0.143,0.47366666666666674,7.0,0.0,2.7611940298507465,13.0,0.0,7.08955223880597,1.0,0.0,0.37896969696969696,11.0,0.0,4.776119402985074,13.0,0.0,5.597014925373134,1.0,0.0,0.8316290322580645,3.0,0.0,0.3283582089552239,9.0,0.0,4.268656716417911,9.0,1.0,4.597014925373134,9.0,0.0,4.522388059701493,2.0,0.0,0.34328358208955223,3.0,0.0,0.6119402985074627,7.0,0.0,2.5522388059701493,5.0,0.0,1.791044776119403
Zach Randolph,38.0,3.0,15.381578947368421,15.0,1.0,6.197368421052632,23.0,3.0,13.473684210526315,0.818,0.235,0.46535526315789477,1.0,0.0,0.02631578947368421,2.0,0.0,0.3026315789473684,1.0,0.0,0.07142857142857142,9.0,0.0,2.960526315789474,14.0,0.0,3.9473684210526314,1.0,0.0,0.7343538461538462,10.0,0.0,4.078947368421052,15.0,2.0,7.157894736842105,22.0,4.0,11.236842105263158,6.0,0.0,1.4210526315789473,3.0,0.0,0.40789473684210525,4.0,0.0,0.8026315789473685,7.0,0.0,1.9736842105263157,5.0,0.0,2.3684210526315788
Zion Williamson,39.0,12.0,27.0,16.0,4.0,10.39344262295082,28.0,6.0,17.0,0.933,0.318,0.6210819672131147,1.0,0.0,0.16393442622950818,3.0,0.0,0.5573770491803278,1.0,0.0,0.34,12.0,1.0,6.049180327868853,18.0,2.0,8.672131147540984,1.0,0.25,0.7067868852459017,8.0,0.0,2.737704918032787,12.0,0.0,4.491803278688525,15.0,1.0,7.229508196721311,8.0,0.0,3.7049180327868854,3.0,0.0,0.639344262295082,5.0,0.0,0.9344262295081968,7.0,0.0,2.737704918032787,6.0,0.0,2.2131147540983607
Zydrunas Ilgauskas,35.0,6.0,16.923076923076923,12.0,0.0,5.871794871794871,24.0,3.0,12.551282051282051,0.846,0.0,0.46749999999999997,1.0,0.0,0.02564102564102564,1.0,0.0,0.08974358974358974,1.0,0.0,0.2857142857142857,17.0,0.0,5.153846153846154,19.0,0.0,6.448717948717949,1.0,0.167,0.7996842105263159,12.0,0.0,3.8333333333333335,13.0,0.0,4.782051282051282,18.0,1.0,8.615384615384615,5.0,0.0,1.2820512820512822,7.0,0.0,2.1153846153846154,5.0,0.0,0.6794871794871795,7.0,0.0,2.448717948717949,6.0,1.0,4.012820512820513
