Player,Highest Points,Lowest Points,Points Avg,Highest Field Goals,Lowest Field Goals,Field Goals Avg,Highest FG Attempts,Lowest FG Attempts,FG Attempts Avg,Highest FG%,Lowest FG%,FG% Avg,Highest Three Pointers,Lowest Three Pointers,Three Pointers Avg,Highest 3P Attempts,Lowest 3P Attempts,3P Attempts Avg,Highest 3P%,Lowest 3P%,3P% Avg,Highest Free Throws,Lowest Free Throws,Free Throws Avg,Highest FT Attempts,Lowest FT Attempts,FT Attempts Avg,Highest FT%,Lowest FT%,FT% Avg,Highest ORB,Lowest ORB,ORB Avg,Highest DRB,Lowest DRB,DRB Avg,Highest TRB,Lowest TRB,TRB Avg,Highest Assists,Lowest Assists,Assists Avg,Highest Blocks,Lowest Blocks,Blocks Avg,Highest Steals,Lowest Steals,Steals Avg,Highest Turnovers,Lowest Turnovers,Turnovers Avg,Highest Personal Fouls,Lowest Personal Fouls,Personal Fouls Avg
Al Horford,27.0,2.0,12,11.0,1.0,5,18.0,4.0,10,0.889,0.143,0,4.0,0.0,1,7.0,0.0,3,1.0,0.0,0,6.0,0.0,1,7.0,0.0,1,1.0,0.0,0,5.0,0.0,1,11.0,2.0,5,14.0,2.0,7,11.0,0.0,4,3.0,0.0,1,3.0,0.0,0,6.0,0.0,1,6.0,0.0,1
Allan Houston,39.0,4.0,18,16.0,1.0,6,27.0,7.0,15,0.8,0.111,0,5.0,0.0,1,9.0,0.0,3,1.0,0.0,0,11.0,0.0,3,12.0,0.0,3,1.0,0.0,0,2.0,0.0,0,8.0,0.0,3,9.0,0.0,3,7.0,0.0,2,2.0,0.0,0,4.0,0.0,0,6.0,0.0,2,6.0,0.0,2
Allen Iverson,38.0,2.0,17,13.0,0.0,6,28.0,4.0,14,0.625,0.0,0,4.0,0.0,0,7.0,0.0,1,1.0,0.0,0,15.0,0.0,4,16.0,0.0,6,1.0,0.333,0,3.0,0.0,0,6.0,0.0,2,7.0,0.0,3,12.0,1.0,4,2.0,0.0,0,4.0,0.0,1,6.0,0.0,2,4.0,0.0,1
Alonzo Mourning,28.0,4.0,15,12.0,2.0,5,20.0,6.0,11,0.875,0.25,0,1.0,0.0,0,2.0,0.0,0,0.5,0.0,0,14.0,0.0,3,17.0,0.0,5,1.0,0.0,0,7.0,0.0,2,11.0,1.0,6,14.0,2.0,8,4.0,0.0,1,7.0,0.0,2,3.0,0.0,0,7.0,0.0,2,6.0,0.0,3
Amar'e Stoudemire,41.0,13.0,25,17.0,4.0,9,32.0,10.0,19,0.833,0.238,0,2.0,0.0,0,3.0,0.0,0,1.0,0.0,0,14.0,0.0,6,16.0,0.0,7,1.0,0.0,0,8.0,0.0,2,11.0,0.0,5,16.0,1.0,8,7.0,0.0,2,6.0,0.0,1,4.0,0.0,0,11.0,0.0,3,6.0,0.0,3
Andre Drummond,30.0,3.0,15,12.0,1.0,5,18.0,4.0,11,1.0,0.143,0,0.0,0.0,0,1.0,0.0,0,0.0,0.0,0,14.0,0.0,3,16.0,0.0,5,1.0,0.0,0,11.0,1.0,5,20.0,4.0,10,27.0,6.0,15,8.0,0.0,3,6.0,0.0,1,5.0,0.0,1,6.0,0.0,2,6.0,0.0,3
Andre Iguodala,23.0,3.0,12,9.0,1.0,4,16.0,3.0,10,1.0,0.167,0,4.0,0.0,1,8.0,0.0,3,1.0,0.0,0,6.0,0.0,1,9.0,0.0,3,1.0,0.0,0,3.0,0.0,0,12.0,1.0,5,13.0,1.0,6,11.0,1.0,5,4.0,0.0,0,5.0,0.0,1,4.0,0.0,1,4.0,0.0,1
Andrei Kirilenko,31.0,3.0,16,9.0,0.0,5,20.0,4.0,11,0.833,0.0,0,5.0,0.0,0,9.0,0.0,2,1.0,0.0,0,12.0,0.0,5,16.0,0.0,6,1.0,0.25,0,8.0,0.0,2,13.0,1.0,5,16.0,2.0,8,8.0,0.0,3,7.0,0.0,2,8.0,0.0,1,6.0,0.0,2,5.0,0.0,2
Andrew Bynum,37.0,0.0,18,15.0,0.0,7,27.0,2.0,13,0.857,0.0,0,1.0,0.0,0,1.0,0.0,0,1.0,0.0,0,10.0,0.0,3,12.0,0.0,5,1.0,0.0,0,8.0,0.0,3,22.0,1.0,8,30.0,2.0,11,4.0,0.0,1,5.0,0.0,1,2.0,0.0,0,7.0,0.0,2,5.0,0.0,1
Andrew Wiggins,35.0,7.0,17,14.0,3.0,6,20.0,9.0,13,0.737,0.263,0,8.0,0.0,2,10.0,1.0,5,0.8,0.0,0,8.0,0.0,2,11.0,0.0,3,1.0,0.0,0,4.0,0.0,1,9.0,0.0,3,11.0,0.0,4,6.0,0.0,2,3.0,0.0,0,3.0,0.0,1,5.0,0.0,1,6.0,0.0,2
Antawn Jamison,41.0,7.0,21,18.0,3.0,7,25.0,10.0,17,0.818,0.188,0,5.0,0.0,1,10.0,1.0,4,1.0,0.0,0,12.0,0.0,4,15.0,0.0,5,1.0,0.0,0,9.0,0.0,2,18.0,1.0,7,20.0,2.0,10,5.0,0.0,1,3.0,0.0,0,6.0,0.0,1,8.0,0.0,1,5.0,0.0,2
Anthony Davis,50.0,5.0,26,20.0,2.0,8,30.0,7.0,17,0.818,0.214,0,4.0,0.0,1,9.0,0.0,3,0.8,0.0,0,26.0,0.0,7,27.0,1.0,8,1.0,0.0,0,8.0,0.0,2,12.0,1.0,7,20.0,1.0,9,7.0,0.0,3,8.0,0.0,2,4.0,0.0,1,7.0,0.0,2,5.0,0.0,2
Anthony Edwards,44.0,5.0,24,17.0,2.0,8,30.0,4.0,19,0.75,0.2,0,8.0,0.0,2,16.0,2.0,7,1.0,0.0,0,11.0,0.0,4,14.0,0.0,5,1.0,0.0,0,4.0,0.0,0,11.0,0.0,5,13.0,0.0,5,11.0,1.0,4,4.0,0.0,0,6.0,0.0,1,8.0,0.0,3,5.0,0.0,2
Anthony Mason,29.0,3.0,16,12.0,0.0,5,21.0,4.0,11,0.875,0.0,0,0.0,0.0,0,0.0,0.0,0,,,0,12.0,0.0,4,16.0,0.0,5,1.0,0.0,0,7.0,0.0,2,15.0,1.0,7,18.0,4.0,9,9.0,0.0,3,2.0,0.0,0,4.0,0.0,1,7.0,0.0,2,6.0,0.0,2
Antoine Walker,38.0,6.0,20,17.0,1.0,7,31.0,7.0,19,0.722,0.067,0,9.0,0.0,2,13.0,2.0,7,0.714,0.0,0,10.0,0.0,2,12.0,0.0,3,1.0,0.0,0,5.0,0.0,1,12.0,1.0,5,14.0,2.0,7,14.0,0.0,4,2.0,0.0,0,5.0,0.0,1,9.0,0.0,3,6.0,0.0,2
Antonio Davis,31.0,1.0,13,11.0,0.0,4,21.0,2.0,11,0.857,0.0,0,0.0,0.0,0,1.0,0.0,0,0.0,0.0,0,15.0,0.0,4,17.0,0.0,5,1.0,0.0,0,10.0,0.0,3,13.0,1.0,6,19.0,1.0,10,4.0,0.0,1,6.0,0.0,1,2.0,0.0,0,5.0,0.0,1,6.0,0.0,2
Antonio McDyess,40.0,0.0,20,16.0,0.0,8,28.0,3.0,16,0.706,0.0,0,0.0,0.0,0,0.0,0.0,0,,,0,15.0,0.0,4,19.0,0.0,6,1.0,0.0,0,9.0,0.0,3,17.0,0.0,8,21.0,0.0,12,7.0,0.0,2,7.0,0.0,1,3.0,0.0,0,6.0,0.0,2,6.0,1.0,3
Bam Adebayo,38.0,4.0,20,15.0,2.0,8,23.0,3.0,14,0.833,0.286,0,1.0,0.0,0,2.0,0.0,0,1.0,0.0,0,14.0,0.0,4,14.0,0.0,5,1.0,0.0,0,6.0,0.0,2,16.0,0.0,6,17.0,1.0,9,8.0,0.0,3,3.0,0.0,0,4.0,0.0,1,5.0,0.0,2,6.0,0.0,2
Baron Davis,37.0,6.0,22,13.0,3.0,8,29.0,12.0,20,0.647,0.227,0,7.0,0.0,2,14.0,3.0,8,0.857,0.0,0,14.0,0.0,3,14.0,0.0,5,1.0,0.0,0,4.0,0.0,0,9.0,0.0,3,10.0,0.0,4,13.0,1.0,7,4.0,0.0,0,6.0,0.0,2,8.0,0.0,3,6.0,0.0,2
Ben Simmons,34.0,2.0,16,13.0,1.0,6,22.0,2.0,11,1.0,0.2,0,1.0,0.0,0,1.0,0.0,0,1.0,0.0,0,11.0,0.0,3,14.0,0.0,5,1.0,0.0,0,7.0,0.0,1,11.0,1.0,5,15.0,1.0,7,17.0,1.0,7,4.0,0.0,0,7.0,0.0,2,8.0,0.0,3,6.0,0.0,3
Ben Wallace,15.0,0.0,7,7.0,0.0,2,11.0,1.0,5,1.0,0.0,0,0.0,0.0,0,1.0,0.0,0,0.0,0.0,0,7.0,0.0,1,22.0,0.0,3,1.0,0.0,0,9.0,0.0,3,15.0,2.0,7,22.0,3.0,11,6.0,0.0,1,6.0,0.0,2,5.0,0.0,1,4.0,0.0,1,6.0,0.0,2
Blake Griffin,50.0,5.0,24,20.0,1.0,8,35.0,5.0,17,0.75,0.1,0,9.0,0.0,2,14.0,1.0,6,1.0,0.0,0,17.0,0.0,5,24.0,0.0,7,1.0,0.333,0,6.0,0.0,1,15.0,0.0,6,15.0,0.0,7,11.0,1.0,5,2.0,0.0,0,3.0,0.0,0,10.0,0.0,3,6.0,0.0,2
Brad Miller,35.0,2.0,14,12.0,0.0,5,20.0,3.0,10,1.0,0.0,0,1.0,0.0,0,2.0,0.0,0,1.0,0.0,0,12.0,0.0,3,13.0,0.0,4,1.0,0.0,0,8.0,0.0,2,15.0,2.0,7,17.0,3.0,10,11.0,0.0,4,4.0,0.0,1,5.0,0.0,0,6.0,0.0,2,6.0,0.0,3
Bradley Beal,60.0,7.0,31,20.0,1.0,11,37.0,11.0,23,0.684,0.071,0,7.0,0.0,2,14.0,1.0,6,1.0,0.0,0,14.0,0.0,6,15.0,0.0,7,1.0,0.5,0,4.0,0.0,1,9.0,0.0,3,10.0,1.0,4,10.0,0.0,4,2.0,0.0,0,4.0,0.0,1,7.0,0.0,3,5.0,0.0,2
Brandon Ingram,49.0,7.0,23,17.0,3.0,8,27.0,5.0,17,0.708,0.19,0,7.0,0.0,2,11.0,0.0,6,1.0,0.0,0,16.0,0.0,5,20.0,0.0,5,1.0,0.0,0,3.0,0.0,0,14.0,1.0,5,15.0,1.0,6,11.0,0.0,4,3.0,0.0,0,3.0,0.0,0,7.0,1.0,3,6.0,0.0,2
Brandon Roy,52.0,6.0,22,15.0,2.0,8,30.0,7.0,16,0.75,0.182,0,5.0,0.0,1,7.0,0.0,2,1.0,0.0,0,19.0,0.0,5,21.0,0.0,6,1.0,0.3,0,5.0,0.0,1,9.0,0.0,3,9.0,1.0,4,11.0,0.0,5,2.0,0.0,0,10.0,0.0,1,6.0,0.0,1,6.0,0.0,1
Brook Lopez,38.0,8.0,19,15.0,3.0,7,25.0,7.0,14,0.857,0.231,0,0.0,0.0,0,1.0,0.0,0,0.0,0.0,0,11.0,0.0,4,15.0,0.0,5,1.0,0.0,0,7.0,0.0,2,9.0,0.0,4,13.0,1.0,6,5.0,0.0,0,5.0,0.0,2,2.0,0.0,0,7.0,0.0,1,5.0,0.0,2
Carlos Boozer,41.0,4.0,21,17.0,1.0,8,25.0,6.0,16,0.889,0.111,0,0.0,0.0,0,1.0,0.0,0,0.0,0.0,0,16.0,0.0,3,18.0,0.0,4,1.0,0.0,0,6.0,0.0,2,15.0,1.0,7,17.0,1.0,10,10.0,0.0,2,3.0,0.0,0,5.0,0.0,1,9.0,0.0,2,6.0,0.0,3
Carmelo Anthony,45.0,7.0,22,18.0,3.0,8,36.0,8.0,18,0.714,0.2,0,7.0,0.0,2,11.0,1.0,5,1.0,0.0,0,12.0,0.0,4,14.0,0.0,4,1.0,0.333,0,3.0,0.0,0,13.0,0.0,5,13.0,1.0,5,10.0,0.0,2,3.0,0.0,0,4.0,0.0,0,7.0,0.0,2,6.0,0.0,2
Caron Butler,38.0,2.0,19,14.0,1.0,7,25.0,2.0,15,0.765,0.1,0,2.0,0.0,0,3.0,0.0,1,1.0,0.0,0,15.0,0.0,4,17.0,0.0,5,1.0,0.5,0,8.0,0.0,2,11.0,1.0,5,13.0,1.0,7,10.0,0.0,3,2.0,0.0,0,6.0,0.0,2,7.0,0.0,2,5.0,0.0,2
Chauncey Billups,39.0,5.0,19,13.0,1.0,5,25.0,5.0,13,0.75,0.125,0,9.0,0.0,2,13.0,2.0,5,1.0,0.0,0,17.0,0.0,6,19.0,0.0,7,1.0,0.5,0,2.0,0.0,0,8.0,0.0,2,8.0,0.0,3,12.0,0.0,5,2.0,0.0,0,4.0,0.0,1,7.0,0.0,2,6.0,0.0,2
Chris Bosh,34.0,8.0,21,14.0,2.0,7,23.0,10.0,16,0.75,0.118,0,4.0,0.0,1,6.0,1.0,3,1.0,0.0,0,10.0,0.0,4,13.0,0.0,5,1.0,0.0,0,4.0,0.0,1,11.0,1.0,6,15.0,2.0,7,6.0,1.0,2,5.0,0.0,0,4.0,0.0,0,5.0,0.0,2,5.0,0.0,1
Chris Kaman,29.0,4.0,18,13.0,1.0,7,26.0,6.0,15,0.846,0.158,0,0.0,0.0,0,1.0,0.0,0,0.0,0.0,0,10.0,0.0,3,14.0,0.0,4,1.0,0.0,0,7.0,0.0,2,14.0,1.0,6,16.0,3.0,9,6.0,0.0,1,5.0,0.0,1,3.0,0.0,0,7.0,0.0,2,6.0,0.0,2
Chris Paul,27.0,4.0,14,10.0,1.0,5,19.0,4.0,11,0.75,0.1,0,4.0,0.0,0,8.0,0.0,3,1.0,0.0,0,10.0,0.0,2,10.0,0.0,3,1.0,0.333,0,3.0,0.0,0,10.0,0.0,4,13.0,0.0,4,19.0,4.0,10,2.0,0.0,0,7.0,0.0,1,7.0,0.0,2,5.0,0.0,2
Chris Webber,39.0,13.0,24,17.0,2.0,9,28.0,13.0,19,0.75,0.125,0,1.0,0.0,0,2.0,0.0,0,1.0,0.0,0,15.0,0.0,4,18.0,0.0,6,1.0,0.25,0,6.0,0.0,2,13.0,1.0,7,15.0,2.0,10,9.0,0.0,4,4.0,0.0,1,5.0,0.0,1,7.0,0.0,2,6.0,1.0,3
Dale Davis,23.0,0.0,10,10.0,0.0,4,15.0,3.0,8,0.8,0.0,0,0.0,0.0,0,0.0,0.0,0,,,0,7.0,0.0,1,14.0,0.0,2,1.0,0.0,0,9.0,0.0,3,15.0,0.0,6,20.0,0.0,9,3.0,0.0,0,6.0,0.0,1,3.0,0.0,0,5.0,0.0,1,6.0,0.0,2
Damian Lillard,71.0,13.0,32,22.0,2.0,9,38.0,12.0,20,0.724,0.143,0,13.0,1.0,4,22.0,6.0,11,0.647,0.083,0,17.0,1.0,8,20.0,1.0,9,1.0,0.5,0,3.0,0.0,0,11.0,0.0,4,13.0,1.0,4,12.0,0.0,7,2.0,0.0,0,4.0,0.0,0,7.0,0.0,3,4.0,0.0,1
D'Angelo Russell,44.0,3.0,21,17.0,1.0,8,34.0,6.0,18,0.684,0.125,0,9.0,0.0,2,15.0,2.0,7,0.75,0.0,0,9.0,0.0,1,10.0,0.0,2,1.0,0.0,0,4.0,0.0,0,9.0,0.0,3,10.0,0.0,3,14.0,2.0,6,1.0,0.0,0,4.0,0.0,1,8.0,0.0,3,5.0,0.0,1
Danny Granger,42.0,4.0,25,15.0,2.0,8,28.0,7.0,19,0.722,0.263,0,6.0,0.0,2,11.0,0.0,6,1.0,0.0,0,17.0,0.0,6,17.0,0.0,6,1.0,0.0,0,3.0,0.0,0,10.0,0.0,4,11.0,1.0,5,7.0,0.0,2,6.0,0.0,1,5.0,0.0,1,6.0,0.0,2,6.0,1.0,3
Darius Garland,41.0,9.0,21,14.0,3.0,7,27.0,7.0,17,0.8,0.235,0,5.0,0.0,2,13.0,3.0,6,1.0,0.0,0,15.0,0.0,3,16.0,0.0,3,1.0,0.5,0,3.0,0.0,0,10.0,0.0,2,10.0,0.0,3,19.0,1.0,8,1.0,0.0,0,4.0,0.0,1,8.0,0.0,3,6.0,0.0,1
David Lee,31.0,6.0,18,14.0,2.0,7,22.0,8.0,14,0.867,0.125,0,0.0,0.0,0,1.0,0.0,0,0.0,0.0,0,11.0,0.0,3,12.0,0.0,4,1.0,0.333,0,7.0,0.0,2,17.0,3.0,8,22.0,5.0,11,11.0,0.0,3,2.0,0.0,0,4.0,0.0,0,6.0,0.0,2,6.0,0.0,3
David Robinson,34.0,0.0,14,14.0,0.0,5,18.0,3.0,10,1.0,0.0,0,0.0,0.0,0,1.0,0.0,0,0.0,0.0,0,14.0,0.0,4,19.0,0.0,5,1.0,0.25,0,7.0,0.0,2,17.0,1.0,6,22.0,1.0,8,5.0,0.0,1,8.0,0.0,2,5.0,0.0,1,6.0,0.0,1,6.0,0.0,2
David West,40.0,9.0,20,15.0,3.0,8,27.0,7.0,17,0.778,0.231,0,2.0,0.0,0,2.0,0.0,0,1.0,0.0,0,13.0,0.0,4,14.0,0.0,5,1.0,0.0,0,8.0,0.0,2,17.0,1.0,6,20.0,1.0,8,6.0,0.0,2,4.0,0.0,0,2.0,0.0,0,6.0,0.0,2,6.0,0.0,2
De'Aaron Fox,42.0,8.0,25,17.0,2.0,9,27.0,4.0,18,0.733,0.313,0,6.0,0.0,1,12.0,1.0,5,1.0,0.0,0,12.0,0.0,4,14.0,0.0,6,1.0,0.0,0,3.0,0.0,0,11.0,0.0,3,13.0,0.0,4,13.0,1.0,6,3.0,0.0,0,5.0,0.0,1,8.0,0.0,2,5.0,0.0,2
DeAndre Jordan,29.0,4.0,12,12.0,1.0,5,15.0,1.0,7,1.0,0.286,0,0.0,0.0,0,1.0,0.0,0,0.0,0.0,0,12.0,0.0,2,18.0,0.0,5,1.0,0.0,0,9.0,0.0,3,20.0,3.0,10,25.0,5.0,13,6.0,0.0,1,4.0,0.0,1,4.0,0.0,0,5.0,0.0,1,5.0,0.0,2
Dejounte Murray,33.0,6.0,21,14.0,2.0,8,26.0,9.0,18,0.714,0.167,0,6.0,0.0,1,9.0,0.0,4,1.0,0.0,0,9.0,0.0,2,12.0,0.0,3,1.0,0.0,0,5.0,0.0,1,12.0,1.0,7,14.0,1.0,8,15.0,3.0,9,2.0,0.0,0,5.0,0.0,2,6.0,0.0,2,5.0,0.0,2
DeMar DeRozan,49.0,4.0,24,16.0,0.0,8,32.0,6.0,17,0.786,0.0,0,5.0,0.0,0,6.0,0.0,1,1.0,0.0,0,20.0,1.0,6,22.0,1.0,7,1.0,0.5,0,3.0,0.0,0,12.0,0.0,4,14.0,0.0,4,10.0,1.0,5,2.0,0.0,0,4.0,0.0,1,8.0,0.0,2,5.0,0.0,2
DeMarcus Cousins,55.0,11.0,26,17.0,3.0,8,34.0,9.0,19,0.688,0.267,0,5.0,0.0,1,10.0,0.0,5,1.0,0.0,0,20.0,0.0,7,22.0,0.0,9,1.0,0.0,0,7.0,0.0,2,20.0,2.0,8,24.0,4.0,11,12.0,0.0,4,5.0,0.0,1,5.0,0.0,1,9.0,0.0,3,6.0,0.0,3
Deron Williams,57.0,7.0,20,16.0,2.0,7,29.0,8.0,17,0.611,0.154,0,8.0,0.0,2,14.0,3.0,6,0.667,0.0,0,21.0,0.0,4,21.0,0.0,5,1.0,0.0,0,3.0,0.0,0,8.0,0.0,2,9.0,0.0,3,20.0,1.0,8,2.0,0.0,0,4.0,0.0,1,7.0,1.0,3,6.0,0.0,2
Derrick Rose,35.0,2.0,21,14.0,1.0,7,29.0,3.0,17,0.692,0.077,0,4.0,0.0,1,8.0,1.0,4,0.75,0.0,0,14.0,0.0,4,15.0,0.0,6,1.0,0.0,0,3.0,0.0,0,7.0,0.0,2,8.0,0.0,3,16.0,0.0,7,3.0,0.0,0,3.0,0.0,0,8.0,0.0,3,5.0,0.0,1
Devin Booker,49.0,10.0,26,18.0,3.0,9,35.0,9.0,20,0.667,0.2,0,6.0,0.0,2,13.0,2.0,7,0.667,0.0,0,15.0,0.0,4,17.0,0.0,5,1.0,0.0,0,3.0,0.0,0,11.0,0.0,4,12.0,0.0,5,12.0,0.0,4,2.0,0.0,0,6.0,0.0,1,6.0,0.0,2,6.0,0.0,2
Devin Harris,47.0,1.0,21,14.0,0.0,6,25.0,3.0,15,0.833,0.0,0,5.0,0.0,0,9.0,0.0,3,0.667,0.0,0,20.0,1.0,7,24.0,2.0,8,1.0,0.375,0,3.0,0.0,0,8.0,0.0,2,8.0,0.0,3,14.0,1.0,6,1.0,0.0,0,4.0,0.0,1,8.0,0.0,3,5.0,0.0,2
Dikembe Mutombo,24.0,2.0,11,10.0,1.0,4,15.0,2.0,8,1.0,0.143,0,0.0,0.0,0,0.0,0.0,0,,,0,10.0,0.0,3,14.0,0.0,4,1.0,0.0,0,8.0,0.0,3,16.0,1.0,7,20.0,3.0,10,5.0,0.0,1,10.0,0.0,2,3.0,0.0,0,5.0,0.0,1,6.0,0.0,3
Dirk Nowitzki,30.0,0.0,7,11.0,0.0,2,31.0,0.0,7,1.0,0.0,0,5.0,0.0,1,14.0,0.0,4,1.0,0.0,0,4.0,0.0,0,7.0,0.0,0,1.0,0.0,0,1.0,0.0,0,12.0,0.0,3,13.0,0.0,3,3.0,0.0,0,2.0,0.0,0,2.0,0.0,0,2.0,0.0,0,4.0,0.0,1
Domantas Sabonis,34.0,9.0,19,15.0,2.0,7,23.0,4.0,11,1.0,0.333,0,2.0,0.0,0,3.0,0.0,1,1.0,0.0,0,11.0,0.0,4,14.0,0.0,5,1.0,0.333,0,10.0,0.0,3,18.0,3.0,9,23.0,4.0,12,16.0,1.0,7,4.0,0.0,0,3.0,0.0,0,9.0,0.0,2,6.0,0.0,3
Donovan Mitchell,71.0,6.0,28,22.0,2.0,9,34.0,9.0,20,0.696,0.182,0,8.0,0.0,3,18.0,3.0,9,0.8,0.0,0,20.0,0.0,4,25.0,0.0,5,1.0,0.25,0,4.0,0.0,0,10.0,0.0,3,11.0,0.0,4,12.0,0.0,4,2.0,0.0,0,4.0,0.0,1,7.0,0.0,2,5.0,0.0,2
Draymond Green,25.0,0.0,11,10.0,0.0,4,20.0,2.0,8,1.0,0.0,0,4.0,0.0,1,11.0,0.0,3,1.0,0.0,0,7.0,0.0,1,8.0,0.0,2,1.0,0.0,0,7.0,0.0,1,13.0,0.0,6,16.0,0.0,7,16.0,0.0,7,6.0,0.0,1,4.0,0.0,1,7.0,0.0,2,5.0,0.0,2
Dwight Howard,35.0,2.0,18,14.0,1.0,6,22.0,4.0,11,1.0,0.2,0,1.0,0.0,0,1.0,0.0,0,1.0,0.0,0,17.0,0.0,4,25.0,0.0,8,1.0,0.143,0,8.0,0.0,3,20.0,4.0,8,26.0,4.0,12,7.0,0.0,1,6.0,0.0,1,4.0,0.0,0,8.0,0.0,3,5.0,0.0,3
Dwyane Wade,35.0,2.0,15,13.0,0.0,5,28.0,6.0,13,0.714,0.0,0,5.0,0.0,1,13.0,0.0,3,1.0,0.0,0,7.0,0.0,2,8.0,0.0,3,1.0,0.0,0,5.0,0.0,0,10.0,0.0,3,11.0,0.0,3,10.0,0.0,4,2.0,0.0,0,4.0,0.0,0,5.0,0.0,2,5.0,0.0,1
Eddie Jones,34.0,4.0,20,13.0,2.0,6,24.0,6.0,15,0.75,0.133,0,7.0,0.0,1,12.0,1.0,4,1.0,0.0,0,12.0,0.0,5,14.0,0.0,5,1.0,0.5,0,4.0,0.0,1,8.0,0.0,3,9.0,0.0,4,12.0,0.0,4,3.0,0.0,0,9.0,0.0,2,7.0,0.0,2,6.0,0.0,2
Elton Brand,44.0,11.0,24,17.0,4.0,9,26.0,12.0,18,0.778,0.267,0,1.0,0.0,0,1.0,0.0,0,1.0,0.0,0,15.0,0.0,5,17.0,0.0,7,1.0,0.333,0,9.0,0.0,2,12.0,2.0,7,20.0,2.0,10,8.0,0.0,2,7.0,0.0,2,5.0,0.0,1,6.0,0.0,2,5.0,0.0,2
Fred VanVleet,37.0,5.0,20,13.0,2.0,6,27.0,4.0,16,0.647,0.19,0,8.0,1.0,3,17.0,2.0,9,0.857,0.111,0,11.0,0.0,2,11.0,0.0,3,1.0,0.0,0,4.0,0.0,0,9.0,0.0,3,10.0,0.0,4,17.0,2.0,6,2.0,0.0,0,6.0,0.0,1,8.0,0.0,2,5.0,0.0,2
Gary Payton,40.0,6.0,20,19.0,3.0,8,30.0,8.0,18,0.769,0.188,0,3.0,0.0,0,6.0,0.0,2,1.0,0.0,0,11.0,0.0,3,13.0,0.0,4,1.0,0.25,0,4.0,0.0,0,11.0,0.0,3,12.0,0.0,4,18.0,2.0,8,2.0,0.0,0,5.0,0.0,1,6.0,0.0,2,5.0,0.0,2
Gerald Wallace,38.0,5.0,18,12.0,1.0,6,22.0,5.0,12,0.9,0.111,0,4.0,0.0,0,7.0,0.0,1,1.0,0.0,0,13.0,0.0,5,16.0,0.0,7,1.0,0.4,0,7.0,0.0,1,17.0,0.0,8,20.0,1.0,10,5.0,0.0,2,5.0,0.0,1,4.0,0.0,1,5.0,0.0,2,6.0,0.0,2
Giannis Antetokounmpo,55.0,2.0,31,21.0,1.0,11,39.0,4.0,20,1.0,0.25,0,3.0,0.0,0,8.0,0.0,2,1.0,0.0,0,17.0,0.0,7,24.0,0.0,12,0.938,0.25,0,7.0,0.0,2,19.0,2.0,9,22.0,4.0,11,13.0,0.0,5,3.0,0.0,0,5.0,0.0,0,12.0,0.0,3,6.0,0.0,3
Gilbert Arenas,60.0,0.0,28,21.0,0.0,8,37.0,0.0,20,0.7,0.083,0,7.0,0.0,2,15.0,0.0,7,1.0,0.0,0,21.0,0.0,8,27.0,0.0,9,1.0,0.0,0,4.0,0.0,0,8.0,0.0,3,11.0,0.0,4,13.0,0.0,5,2.0,0.0,0,7.0,0.0,1,9.0,0.0,3,6.0,0.0,3
Glenn Robinson,45.0,6.0,22,18.0,2.0,9,31.0,9.0,19,0.778,0.176,0,3.0,0.0,0,6.0,0.0,2,1.0,0.0,0,9.0,0.0,3,13.0,0.0,4,1.0,0.0,0,8.0,0.0,1,11.0,1.0,5,15.0,1.0,6,8.0,0.0,3,4.0,0.0,0,5.0,0.0,1,7.0,0.0,2,6.0,0.0,2
Goran Dragic,33.0,4.0,17,13.0,1.0,6,23.0,5.0,14,0.7,0.091,0,5.0,0.0,1,8.0,1.0,4,1.0,0.0,0,10.0,0.0,2,10.0,0.0,3,1.0,0.25,0,3.0,0.0,0,9.0,1.0,3,12.0,1.0,4,13.0,1.0,4,2.0,0.0,0,3.0,0.0,0,6.0,0.0,2,6.0,0.0,2
Gordon Hayward,39.0,6.0,21,16.0,2.0,7,27.0,9.0,15,0.833,0.167,0,4.0,0.0,2,10.0,1.0,5,1.0,0.0,0,14.0,0.0,4,15.0,0.0,5,1.0,0.0,0,3.0,0.0,0,11.0,0.0,4,12.0,1.0,5,8.0,0.0,3,3.0,0.0,0,4.0,0.0,1,7.0,0.0,1,3.0,0.0,1
Grant Hill,39.0,8.0,19,13.0,3.0,7,27.0,6.0,15,0.818,0.214,0,2.0,0.0,0,2.0,0.0,0,1.0,0.0,0,15.0,0.0,4,16.0,0.0,5,1.0,0.0,0,5.0,0.0,1,8.0,0.0,3,12.0,0.0,4,9.0,0.0,3,3.0,0.0,0,5.0,0.0,1,7.0,0.0,2,6.0,0.0,2
Isaiah Thomas,52.0,13.0,28,15.0,3.0,8,29.0,11.0,19,0.667,0.19,0,9.0,0.0,3,15.0,2.0,8,0.7,0.0,0,17.0,0.0,7,17.0,0.0,8,1.0,0.333,0,3.0,0.0,0,6.0,0.0,2,7.0,0.0,2,15.0,0.0,5,1.0,0.0,0,3.0,0.0,0,7.0,0.0,2,5.0,0.0,2
Ja Morant,49.0,6.0,26,17.0,3.0,9,29.0,8.0,19,0.667,0.188,0,5.0,0.0,1,12.0,1.0,4,0.833,0.0,0,15.0,0.0,6,18.0,0.0,8,1.0,0.0,0,3.0,0.0,1,10.0,1.0,4,13.0,1.0,5,17.0,2.0,8,2.0,0.0,0,3.0,0.0,1,8.0,0.0,3,5.0,0.0,1
Jamaal Magloire,27.0,0.0,13,9.0,0.0,4,21.0,1.0,9,0.75,0.0,0,0.0,0.0,0,1.0,0.0,0,0.0,0.0,0,15.0,0.0,4,20.0,0.0,5,1.0,0.0,0,9.0,0.0,3,16.0,0.0,7,21.0,2.0,10,4.0,0.0,1,4.0,0.0,1,4.0,0.0,0,8.0,0.0,2,6.0,0.0,3
Jamal Mashburn,50.0,4.0,21,17.0,2.0,8,33.0,8.0,19,0.706,0.176,0,5.0,0.0,1,10.0,0.0,3,1.0,0.0,0,12.0,0.0,3,14.0,0.0,4,1.0,0.0,0,4.0,0.0,0,14.0,1.0,5,15.0,1.0,6,13.0,1.0,5,2.0,0.0,0,4.0,0.0,1,7.0,0.0,2,5.0,0.0,2
James Harden,44.0,0.0,24,14.0,0.0,7,30.0,1.0,16,0.75,0.0,0,6.0,0.0,2,13.0,1.0,7,0.75,0.0,0,14.0,0.0,6,16.0,0.0,7,1.0,0.0,0,4.0,0.0,0,14.0,1.0,7,14.0,1.0,7,17.0,3.0,10,5.0,0.0,0,4.0,0.0,1,9.0,0.0,4,6.0,0.0,2
Jaren Jackson Jr.,40.0,4.0,18,14.0,1.0,6,28.0,2.0,13,0.857,0.167,0,5.0,0.0,1,10.0,1.0,4,1.0,0.0,0,11.0,0.0,3,12.0,0.0,4,1.0,0.0,0,5.0,0.0,1,10.0,0.0,5,12.0,2.0,6,3.0,0.0,0,8.0,0.0,3,5.0,0.0,1,5.0,0.0,1,6.0,0.0,3
Jarrett Allen,29.0,4.0,16,13.0,2.0,6,20.0,3.0,9,1.0,0.286,0,1.0,0.0,0,1.0,0.0,0,1.0,0.0,0,9.0,0.0,2,10.0,0.0,4,1.0,0.0,0,11.0,0.0,3,14.0,2.0,7,22.0,2.0,10,4.0,0.0,1,5.0,0.0,1,3.0,0.0,0,4.0,0.0,1,4.0,0.0,1
Jason Kidd,26.0,0.0,10,10.0,0.0,3,21.0,1.0,8,1.0,0.0,0,6.0,0.0,2,11.0,1.0,5,1.0,0.0,0,8.0,0.0,1,9.0,0.0,1,1.0,0.0,0,3.0,0.0,0,13.0,0.0,4,16.0,0.0,5,17.0,2.0,9,3.0,0.0,0,7.0,0.0,1,7.0,0.0,2,5.0,0.0,1
Jaylen Brown,43.0,4.0,26,18.0,2.0,10,29.0,9.0,20,0.733,0.222,0,7.0,0.0,2,15.0,3.0,7,0.75,0.0,0,9.0,0.0,3,12.0,0.0,5,1.0,0.0,0,5.0,0.0,1,14.0,1.0,5,15.0,1.0,6,9.0,0.0,3,4.0,0.0,0,4.0,0.0,1,7.0,0.0,2,5.0,0.0,2
Jayson Tatum,51.0,12.0,30,15.0,3.0,9,30.0,12.0,21,0.706,0.188,0,8.0,0.0,3,17.0,4.0,9,0.8,0.0,0,17.0,0.0,7,20.0,0.0,8,1.0,0.333,0,3.0,0.0,1,17.0,1.0,7,19.0,1.0,8,10.0,1.0,4,4.0,0.0,0,4.0,0.0,1,9.0,0.0,2,5.0,0.0,2
Jeff Teague,28.0,3.0,15,10.0,0.0,5,23.0,4.0,12,0.727,0.0,0,3.0,0.0,0,7.0,0.0,2,1.0,0.0,0,12.0,0.0,3,14.0,0.0,4,1.0,0.5,0,2.0,0.0,0,7.0,0.0,2,8.0,0.0,2,15.0,2.0,7,3.0,0.0,0,4.0,0.0,1,6.0,0.0,2,5.0,0.0,1
Jermaine O'Neal,39.0,6.0,19,15.0,2.0,7,24.0,9.0,16,0.714,0.154,0,0.0,0.0,0,1.0,0.0,0,0.0,0.0,0,13.0,0.0,4,16.0,0.0,6,1.0,0.143,0,6.0,0.0,2,15.0,2.0,7,17.0,2.0,9,7.0,0.0,2,8.0,0.0,2,3.0,0.0,0,8.0,0.0,2,6.0,0.0,3
Jerry Stackhouse,57.0,11.0,29,21.0,4.0,9,36.0,12.0,24,0.722,0.174,0,6.0,0.0,2,13.0,0.0,5,0.75,0.0,0,18.0,0.0,8,20.0,0.0,10,1.0,0.0,0,4.0,0.0,1,8.0,0.0,2,12.0,0.0,3,11.0,1.0,5,4.0,0.0,0,5.0,0.0,1,11.0,0.0,4,6.0,0.0,2
Jimmy Butler,37.0,4.0,21,15.0,1.0,6,25.0,3.0,14,0.875,0.091,0,3.0,0.0,0,8.0,0.0,2,1.0,0.0,0,16.0,2.0,6,17.0,2.0,7,1.0,0.5,0,6.0,0.0,1,10.0,0.0,4,14.0,0.0,5,15.0,1.0,5,2.0,0.0,0,5.0,0.0,1,5.0,0.0,2,4.0,0.0,1
Joakim Noah,26.0,2.0,12,10.0,0.0,4,19.0,2.0,10,0.8,0.0,0,0.0,0.0,0,1.0,0.0,0,0.0,0.0,0,9.0,0.0,3,11.0,0.0,4,1.0,0.0,0,9.0,0.0,3,15.0,2.0,7,21.0,2.0,11,14.0,0.0,5,5.0,0.0,1,4.0,0.0,1,6.0,0.0,2,6.0,0.0,3
Joe Johnson,37.0,2.0,15,14.0,1.0,5,25.0,5.0,12,0.75,0.143,0,10.0,0.0,2,14.0,1.0,5,1.0,0.0,0,9.0,0.0,2,11.0,0.0,2,1.0,0.0,0,3.0,0.0,0,7.0,0.0,2,8.0,0.0,3,8.0,0.0,2,1.0,0.0,0,3.0,0.0,0,5.0,0.0,1,5.0,0.0,1
Joel Embiid,59.0,12.0,33,20.0,5.0,11,32.0,7.0,20,0.8,0.28,0,4.0,0.0,1,7.0,0.0,3,1.0,0.0,0,20.0,2.0,10,24.0,2.0,11,1.0,0.5,0,7.0,0.0,1,17.0,3.0,8,19.0,5.0,10,10.0,1.0,4,7.0,0.0,1,4.0,0.0,1,8.0,1.0,3,6.0,0.0,3
John Stockton,23.0,2.0,12,9.0,1.0,4,19.0,3.0,8,1.0,0.143,0,2.0,0.0,0,4.0,0.0,1,1.0,0.0,0,11.0,0.0,2,13.0,0.0,3,1.0,0.0,0,3.0,0.0,0,6.0,0.0,2,9.0,0.0,2,18.0,2.0,8,1.0,0.0,0,6.0,0.0,1,6.0,0.0,2,5.0,0.0,2
John Wall,52.0,9.0,23,18.0,3.0,8,31.0,10.0,18,0.696,0.19,0,5.0,0.0,1,8.0,1.0,3,1.0,0.0,0,14.0,0.0,5,19.0,0.0,6,1.0,0.333,0,3.0,0.0,0,9.0,0.0,3,11.0,0.0,4,20.0,3.0,10,3.0,0.0,0,6.0,0.0,2,11.0,0.0,4,5.0,0.0,1
Josh Howard,30.0,2.0,18,12.0,1.0,7,24.0,4.0,15,0.75,0.2,0,4.0,0.0,1,7.0,0.0,3,1.0,0.0,0,9.0,0.0,3,9.0,0.0,4,1.0,0.0,0,6.0,0.0,1,13.0,0.0,4,17.0,0.0,6,5.0,0.0,1,3.0,0.0,0,4.0,0.0,1,6.0,0.0,1,6.0,0.0,2
Jrue Holiday,51.0,6.0,19,20.0,2.0,7,30.0,6.0,15,0.75,0.133,0,8.0,0.0,2,12.0,2.0,6,0.8,0.0,0,8.0,0.0,2,10.0,0.0,2,1.0,0.0,0,6.0,0.0,1,8.0,0.0,3,13.0,1.0,5,15.0,0.0,7,3.0,0.0,0,4.0,0.0,1,8.0,0.0,2,5.0,0.0,1
Julius Randle,57.0,3.0,25,19.0,1.0,8,29.0,5.0,18,0.765,0.2,0,8.0,0.0,2,14.0,2.0,8,0.667,0.0,0,12.0,0.0,5,16.0,0.0,6,1.0,0.0,0,7.0,0.0,1,16.0,2.0,8,19.0,2.0,9,9.0,0.0,4,4.0,0.0,0,4.0,0.0,0,7.0,0.0,2,6.0,0.0,3
Karl Malone,41.0,2.0,23,15.0,1.0,8,29.0,1.0,16,1.0,0.188,0,1.0,0.0,0,1.0,0.0,0,1.0,0.0,0,17.0,0.0,6,22.0,0.0,8,1.0,0.0,0,5.0,0.0,1,13.0,1.0,6,15.0,1.0,8,9.0,0.0,4,4.0,0.0,0,4.0,0.0,1,9.0,0.0,3,5.0,0.0,2
Karl-Anthony Towns,60.0,8.0,24,19.0,3.0,8,31.0,5.0,16,0.8,0.273,0,7.0,0.0,2,11.0,0.0,4,1.0,0.0,0,15.0,0.0,5,16.0,0.0,6,1.0,0.429,0,7.0,0.0,2,15.0,2.0,7,17.0,3.0,9,10.0,0.0,3,4.0,0.0,1,4.0,0.0,0,9.0,0.0,3,6.0,0.0,3
Kawhi Leonard,36.0,13.0,24,14.0,3.0,8,26.0,6.0,17,0.75,0.19,0,7.0,0.0,1,9.0,1.0,4,1.0,0.0,0,12.0,0.0,5,14.0,0.0,5,1.0,0.25,0,6.0,0.0,1,12.0,1.0,5,16.0,2.0,6,10.0,2.0,5,3.0,0.0,0,6.0,0.0,1,7.0,0.0,2,5.0,0.0,1
Kemba Walker,44.0,0.0,20,16.0,0.0,6,28.0,3.0,15,0.833,0.0,0,8.0,0.0,3,15.0,1.0,8,1.0,0.0,0,14.0,0.0,3,15.0,0.0,4,1.0,0.5,0,3.0,0.0,0,9.0,0.0,3,11.0,1.0,3,11.0,1.0,4,2.0,0.0,0,4.0,0.0,0,7.0,0.0,2,5.0,0.0,1
Kenyon Martin,29.0,4.0,16,12.0,2.0,6,22.0,2.0,13,1.0,0.2,0,2.0,0.0,0,2.0,0.0,0,1.0,0.0,0,11.0,0.0,3,13.0,0.0,4,1.0,0.0,0,8.0,0.0,2,18.0,1.0,7,21.0,2.0,9,7.0,0.0,2,4.0,0.0,1,5.0,0.0,1,8.0,0.0,2,6.0,0.0,3
Kevin Durant,51.0,11.0,25,18.0,3.0,9,33.0,5.0,17,1.0,0.214,0,5.0,0.0,1,12.0,1.0,4,1.0,0.0,0,16.0,0.0,5,17.0,0.0,6,1.0,0.5,0,3.0,0.0,0,13.0,0.0,5,15.0,0.0,6,11.0,2.0,5,7.0,0.0,1,3.0,0.0,0,7.0,0.0,2,6.0,0.0,1
Kevin Garnett,27.0,5.0,14,11.0,2.0,6,24.0,6.0,12,0.875,0.182,0,1.0,0.0,0,3.0,0.0,0,1.0,0.0,0,8.0,0.0,2,10.0,0.0,2,1.0,0.0,0,4.0,0.0,1,15.0,0.0,6,18.0,0.0,7,6.0,0.0,2,5.0,0.0,0,3.0,0.0,1,6.0,0.0,1,6.0,0.0,2
Kevin Love,45.0,10.0,26,15.0,2.0,8,27.0,9.0,18,0.652,0.143,0,8.0,0.0,2,11.0,2.0,6,0.889,0.0,0,17.0,1.0,6,18.0,1.0,8,1.0,0.429,0,7.0,0.0,2,16.0,4.0,9,19.0,6.0,12,10.0,0.0,4,3.0,0.0,0,3.0,0.0,0,7.0,0.0,2,5.0,0.0,1
Khris Middleton,44.0,4.0,20,16.0,2.0,6,27.0,6.0,15,0.667,0.2,0,7.0,0.0,2,12.0,1.0,6,0.714,0.0,0,9.0,0.0,3,10.0,0.0,4,1.0,0.0,0,3.0,0.0,0,11.0,1.0,4,11.0,1.0,5,11.0,1.0,5,2.0,0.0,0,5.0,0.0,1,8.0,0.0,2,5.0,0.0,2
Klay Thompson,52.0,5.0,21,18.0,2.0,8,31.0,7.0,17,0.85,0.125,0,14.0,0.0,3,24.0,2.0,7,1.0,0.0,0,6.0,0.0,1,7.0,0.0,2,1.0,0.0,0,3.0,0.0,0,8.0,0.0,3,9.0,0.0,3,8.0,0.0,2,3.0,0.0,0,4.0,0.0,1,7.0,0.0,1,5.0,0.0,2
Kobe Bryant,60.0,2.0,17,22.0,1.0,6,50.0,2.0,16,0.688,0.071,0,7.0,0.0,2,21.0,1.0,7,0.75,0.0,0,11.0,0.0,3,12.0,0.0,4,1.0,0.25,0,3.0,0.0,0,10.0,0.0,3,12.0,0.0,3,9.0,0.0,2,2.0,0.0,0,3.0,0.0,0,6.0,0.0,1,5.0,0.0,1
Kyle Korver,27.0,0.0,12,8.0,0.0,3,13.0,1.0,8,0.889,0.0,0,7.0,0.0,2,11.0,0.0,5,1.0,0.0,0,7.0,0.0,1,8.0,0.0,1,1.0,0.0,0,2.0,0.0,0,9.0,0.0,3,10.0,0.0,4,7.0,0.0,2,3.0,0.0,0,4.0,0.0,0,5.0,0.0,1,6.0,0.0,1
Kyle Lowry,36.0,6.0,19,12.0,1.0,5,23.0,5.0,13,0.667,0.111,0,6.0,0.0,2,16.0,2.0,8,0.714,0.0,0,13.0,0.0,5,15.0,0.0,5,1.0,0.5,0,3.0,0.0,0,13.0,0.0,4,14.0,1.0,5,15.0,2.0,7,2.0,0.0,0,5.0,0.0,1,9.0,0.0,3,5.0,0.0,3
Kyrie Irving,48.0,4.0,27,18.0,2.0,9,31.0,11.0,20,0.786,0.167,0,8.0,0.0,3,15.0,2.0,8,0.8,0.0,0,12.0,0.0,4,12.0,0.0,4,1.0,0.5,0,5.0,0.0,0,9.0,0.0,4,11.0,1.0,5,10.0,0.0,5,4.0,0.0,0,4.0,0.0,1,6.0,0.0,2,5.0,0.0,2
LaMarcus Aldridge,56.0,6.0,21,20.0,2.0,8,33.0,8.0,16,0.857,0.143,0,1.0,0.0,0,3.0,0.0,0,1.0,0.0,0,16.0,0.0,4,18.0,0.0,5,1.0,0.0,0,10.0,0.0,3,15.0,1.0,6,19.0,2.0,9,7.0,0.0,2,5.0,0.0,1,3.0,0.0,0,5.0,0.0,1,5.0,0.0,2
LaMelo Ball,38.0,2.0,20,13.0,0.0,7,25.0,3.0,16,0.714,0.0,0,8.0,0.0,2,15.0,1.0,7,0.857,0.0,0,10.0,0.0,2,13.0,0.0,3,1.0,0.0,0,5.0,0.0,1,16.0,0.0,5,17.0,0.0,6,15.0,1.0,7,2.0,0.0,0,5.0,0.0,1,8.0,0.0,3,6.0,0.0,3
Latrell Sprewell,32.0,5.0,17,12.0,1.0,6,24.0,9.0,15,0.727,0.091,0,3.0,0.0,0,5.0,0.0,1,1.0,0.0,0,9.0,0.0,3,13.0,0.0,4,1.0,0.0,0,3.0,0.0,0,9.0,0.0,3,11.0,0.0,4,9.0,0.0,3,2.0,0.0,0,4.0,0.0,1,8.0,0.0,2,6.0,0.0,2
Lauri Markkanen,49.0,13.0,25,16.0,3.0,8,28.0,9.0,17,0.833,0.136,0,9.0,0.0,3,15.0,3.0,7,0.75,0.0,0,17.0,0.0,5,21.0,0.0,6,1.0,0.0,0,7.0,0.0,1,14.0,1.0,6,16.0,3.0,8,5.0,0.0,1,4.0,0.0,0,3.0,0.0,0,6.0,0.0,1,6.0,0.0,2
LeBron James,48.0,13.0,28,18.0,5.0,11,30.0,11.0,22,0.667,0.25,0,9.0,0.0,2,14.0,2.0,6,0.75,0.0,0,12.0,0.0,4,15.0,1.0,5,1.0,0.0,0,6.0,0.0,1,13.0,2.0,7,17.0,2.0,8,11.0,3.0,6,2.0,0.0,0,4.0,0.0,0,9.0,0.0,3,4.0,0.0,1
Luka Doncic,60.0,0.0,32,21.0,0.0,10,31.0,2.0,21,0.708,0.0,0,7.0,0.0,2,16.0,1.0,8,0.667,0.0,0,18.0,0.0,7,22.0,0.0,10,1.0,0.167,0,5.0,0.0,0,16.0,1.0,7,21.0,1.0,8,17.0,0.0,8,3.0,0.0,0,4.0,0.0,1,7.0,0.0,3,6.0,0.0,2
Luol Deng,33.0,3.0,16,13.0,1.0,6,24.0,6.0,14,0.778,0.167,0,4.0,0.0,1,8.0,0.0,3,1.0,0.0,0,11.0,0.0,3,17.0,0.0,3,1.0,0.333,0,7.0,0.0,2,11.0,0.0,4,14.0,1.0,6,8.0,0.0,2,2.0,0.0,0,4.0,0.0,1,5.0,0.0,1,5.0,0.0,1
Manu Ginobili,35.0,0.0,17,11.0,0.0,5,24.0,1.0,12,0.727,0.0,0,5.0,0.0,1,12.0,0.0,5,0.75,0.0,0,14.0,0.0,4,16.0,0.0,5,1.0,0.0,0,3.0,0.0,0,8.0,0.0,3,9.0,0.0,3,9.0,0.0,4,1.0,0.0,0,5.0,0.0,1,6.0,0.0,2,5.0,0.0,2
Marc Gasol,42.0,2.0,19,14.0,0.0,7,25.0,6.0,15,0.824,0.0,0,5.0,0.0,1,10.0,1.0,3,1.0,0.0,0,10.0,0.0,3,11.0,0.0,4,1.0,0.0,0,3.0,0.0,0,11.0,1.0,5,12.0,1.0,6,10.0,0.0,4,5.0,0.0,1,3.0,0.0,0,6.0,0.0,2,6.0,0.0,2
Mehmet Okur,38.0,3.0,17,13.0,1.0,6,27.0,4.0,13,0.867,0.111,0,5.0,0.0,1,9.0,0.0,4,1.0,0.0,0,10.0,0.0,3,11.0,0.0,4,1.0,0.0,0,6.0,0.0,2,11.0,0.0,5,13.0,1.0,7,6.0,0.0,1,3.0,0.0,0,3.0,0.0,0,6.0,0.0,1,6.0,1.0,3
Michael Finley,38.0,7.0,21,16.0,3.0,8,29.0,9.0,18,0.727,0.188,0,5.0,0.0,1,10.0,0.0,3,1.0,0.0,0,11.0,0.0,3,14.0,0.0,3,1.0,0.0,0,5.0,0.0,1,12.0,0.0,3,13.0,1.0,5,11.0,0.0,4,3.0,0.0,0,10.0,0.0,1,8.0,0.0,2,6.0,0.0,2
Michael Jordan,45.0,2.0,20,18.0,1.0,8,33.0,5.0,18,0.8,0.111,0,3.0,0.0,0,4.0,0.0,0,1.0,0.0,0,13.0,0.0,3,16.0,0.0,3,1.0,0.0,0,5.0,0.0,0,13.0,0.0,5,14.0,0.0,6,12.0,0.0,3,3.0,0.0,0,6.0,0.0,1,9.0,0.0,2,6.0,0.0,2
Michael Redd,40.0,6.0,21,16.0,2.0,7,33.0,10.0,17,0.714,0.167,0,6.0,0.0,1,10.0,1.0,4,1.0,0.0,0,11.0,0.0,4,13.0,0.0,5,1.0,0.5,0,7.0,0.0,1,9.0,0.0,3,14.0,1.0,4,6.0,0.0,2,1.0,0.0,0,3.0,0.0,0,4.0,0.0,1,5.0,0.0,1
Mike Conley,33.0,5.0,16,11.0,2.0,5,20.0,7.0,12,0.667,0.154,0,7.0,0.0,2,14.0,3.0,6,1.0,0.0,0,7.0,0.0,2,8.0,0.0,2,1.0,0.0,0,3.0,0.0,0,7.0,0.0,2,10.0,0.0,3,14.0,0.0,5,1.0,0.0,0,4.0,0.0,1,6.0,0.0,1,5.0,0.0,1
Mo Williams,44.0,5.0,17,18.0,2.0,6,26.0,3.0,13,0.778,0.214,0,7.0,0.0,2,12.0,0.0,5,1.0,0.0,0,9.0,0.0,2,11.0,0.0,2,1.0,0.0,0,3.0,0.0,0,7.0,0.0,2,8.0,0.0,3,11.0,0.0,4,2.0,0.0,0,4.0,0.0,0,5.0,0.0,2,6.0,0.0,2
Nikola Jokic,43.0,6.0,24,17.0,2.0,9,26.0,4.0,14,1.0,0.3,0,4.0,0.0,0,9.0,0.0,2,1.0,0.0,0,16.0,0.0,4,18.0,0.0,6,1.0,0.0,0,8.0,0.0,2,20.0,2.0,9,27.0,4.0,11,16.0,3.0,9,4.0,0.0,0,5.0,0.0,1,10.0,0.0,3,5.0,0.0,2
Nikola Vucevic,43.0,9.0,23,17.0,4.0,9,29.0,11.0,19,0.773,0.222,0,6.0,0.0,2,13.0,2.0,6,1.0,0.0,0,7.0,0.0,1,9.0,0.0,2,1.0,0.0,0,6.0,0.0,2,16.0,3.0,9,19.0,5.0,11,10.0,0.0,3,3.0,0.0,0,5.0,0.0,0,7.0,0.0,1,4.0,0.0,1
Pascal Siakam,52.0,11.0,24,17.0,4.0,8,27.0,10.0,18,0.846,0.222,0,5.0,0.0,1,9.0,0.0,4,1.0,0.0,0,16.0,0.0,5,18.0,0.0,6,1.0,0.0,0,5.0,0.0,1,15.0,0.0,5,15.0,2.0,7,13.0,1.0,5,3.0,0.0,0,4.0,0.0,0,6.0,0.0,2,6.0,1.0,3
Pau Gasol,31.0,1.0,16,13.0,0.0,6,23.0,5.0,13,0.722,0.0,0,3.0,0.0,0,5.0,0.0,0,1.0,0.0,0,10.0,0.0,3,14.0,0.0,4,1.0,0.25,0,7.0,0.0,2,17.0,2.0,8,19.0,2.0,11,14.0,0.0,4,6.0,0.0,2,2.0,0.0,0,8.0,0.0,2,6.0,0.0,2
Paul George,45.0,3.0,23,16.0,1.0,8,31.0,9.0,17,0.737,0.111,0,7.0,0.0,2,14.0,3.0,7,0.667,0.0,0,14.0,0.0,4,15.0,0.0,5,1.0,0.0,0,4.0,0.0,0,10.0,1.0,5,11.0,1.0,6,12.0,1.0,5,2.0,0.0,0,6.0,0.0,1,10.0,0.0,3,5.0,0.0,2
Paul Millsap,37.0,4.0,18,13.0,1.0,6,29.0,5.0,14,0.8,0.143,0,3.0,0.0,1,8.0,0.0,3,1.0,0.0,0,12.0,0.0,4,14.0,0.0,5,1.0,0.333,0,8.0,0.0,1,11.0,1.0,6,19.0,2.0,7,10.0,0.0,3,5.0,0.0,0,5.0,0.0,1,6.0,0.0,2,5.0,0.0,2
Paul Pierce,43.0,7.0,19,13.0,2.0,6,23.0,5.0,14,0.714,0.176,0,4.0,0.0,1,10.0,1.0,4,1.0,0.0,0,17.0,0.0,4,18.0,0.0,5,1.0,0.333,0,3.0,0.0,0,10.0,0.0,4,10.0,0.0,5,14.0,0.0,4,3.0,0.0,0,4.0,0.0,1,7.0,0.0,2,6.0,0.0,2
Peja Stojakovic,41.0,11.0,24,13.0,4.0,8,25.0,10.0,17,0.692,0.308,0,7.0,0.0,2,13.0,0.0,6,0.833,0.0,0,14.0,0.0,4,16.0,0.0,5,1.0,0.333,0,6.0,0.0,1,11.0,1.0,5,12.0,1.0,6,7.0,0.0,2,1.0,0.0,0,6.0,0.0,1,6.0,0.0,1,5.0,0.0,1
Rajon Rondo,35.0,0.0,11,15.0,0.0,4,27.0,1.0,10,0.875,0.0,0,2.0,0.0,0,4.0,0.0,0,1.0,0.0,0,10.0,0.0,2,13.0,0.0,3,1.0,0.0,0,4.0,0.0,1,13.0,0.0,3,17.0,0.0,4,20.0,2.0,11,1.0,0.0,0,6.0,0.0,1,8.0,0.0,3,5.0,0.0,1
Rashard Lewis,30.0,3.0,17,11.0,0.0,6,23.0,6.0,13,0.75,0.0,0,6.0,0.0,2,13.0,3.0,7,1.0,0.0,0,10.0,0.0,2,11.0,0.0,3,1.0,0.0,0,9.0,0.0,1,9.0,0.0,4,12.0,1.0,5,9.0,0.0,2,3.0,0.0,0,6.0,0.0,1,6.0,0.0,2,6.0,0.0,2
Rasheed Wallace,36.0,2.0,12,12.0,1.0,4,24.0,3.0,11,0.875,0.154,0,5.0,0.0,1,10.0,0.0,4,1.0,0.0,0,9.0,0.0,1,11.0,0.0,1,1.0,0.0,0,5.0,0.0,1,13.0,2.0,5,15.0,2.0,6,6.0,0.0,1,5.0,0.0,1,5.0,0.0,1,5.0,0.0,1,6.0,0.0,2
Ray Allen,35.0,5.0,16,13.0,2.0,6,23.0,6.0,12,0.833,0.182,0,7.0,0.0,2,9.0,1.0,4,1.0,0.0,0,8.0,0.0,2,8.0,0.0,2,1.0,0.0,0,3.0,0.0,0,8.0,0.0,2,8.0,0.0,3,8.0,0.0,2,2.0,0.0,0,4.0,0.0,0,6.0,0.0,1,5.0,0.0,1
Reggie Miller,32.0,6.0,18,12.0,1.0,5,22.0,5.0,12,0.833,0.111,0,6.0,0.0,2,11.0,1.0,4,1.0,0.0,0,19.0,0.0,4,21.0,0.0,5,1.0,0.0,0,3.0,0.0,0,7.0,0.0,2,9.0,0.0,2,8.0,0.0,2,3.0,0.0,0,5.0,0.0,1,5.0,0.0,1,5.0,0.0,1
Richard Hamilton,39.0,2.0,17,16.0,1.0,6,25.0,6.0,14,0.9,0.125,0,5.0,0.0,0,9.0,0.0,1,1.0,0.0,0,8.0,0.0,2,9.0,0.0,3,1.0,0.0,0,5.0,0.0,1,7.0,0.0,2,8.0,0.0,3,10.0,0.0,4,2.0,0.0,0,4.0,0.0,1,6.0,0.0,1,6.0,0.0,2
Ronald Artest,35.0,3.0,18,12.0,1.0,6,27.0,5.0,15,0.7,0.1,0,4.0,0.0,1,9.0,0.0,3,1.0,0.0,0,12.0,0.0,4,17.0,0.0,6,1.0,0.0,0,4.0,0.0,1,9.0,0.0,3,12.0,0.0,5,9.0,0.0,3,4.0,0.0,0,8.0,0.0,2,7.0,0.0,2,6.0,0.0,2
Roy Hibbert,27.0,0.0,10,10.0,0.0,4,17.0,3.0,9,0.8,0.0,0,1.0,0.0,0,1.0,0.0,0,1.0,0.0,0,13.0,0.0,2,16.0,0.0,3,1.0,0.0,0,7.0,0.0,2,10.0,0.0,4,16.0,0.0,6,3.0,0.0,1,8.0,0.0,2,2.0,0.0,0,5.0,0.0,1,6.0,0.0,3
Rudy Gobert,27.0,5.0,15,12.0,2.0,5,14.0,3.0,7,1.0,0.375,0,0.0,0.0,0,2.0,0.0,0,0.0,0.0,0,15.0,0.0,4,18.0,0.0,6,1.0,0.0,0,8.0,0.0,3,19.0,4.0,11,21.0,4.0,14,4.0,0.0,1,6.0,0.0,2,3.0,0.0,0,4.0,0.0,1,5.0,0.0,2
Russell Westbrook,45.0,10.0,27,18.0,3.0,10,33.0,11.0,22,0.765,0.233,0,3.0,0.0,0,11.0,0.0,3,1.0,0.0,0,13.0,0.0,5,13.0,0.0,6,1.0,0.0,0,7.0,0.0,1,12.0,2.0,6,16.0,2.0,7,13.0,2.0,7,2.0,0.0,0,4.0,0.0,1,10.0,1.0,4,6.0,0.0,3
Sam Cassell,36.0,6.0,19,14.0,2.0,7,29.0,8.0,15,0.778,0.182,0,4.0,0.0,0,8.0,0.0,2,1.0,0.0,0,10.0,0.0,3,13.0,0.0,4,1.0,0.333,0,4.0,0.0,0,10.0,0.0,2,10.0,0.0,3,14.0,1.0,7,2.0,0.0,0,4.0,0.0,1,7.0,0.0,2,6.0,0.0,3
Shai Gilgeous-Alexander,44.0,14.0,31,17.0,4.0,10,29.0,13.0,20,0.813,0.267,0,3.0,0.0,0,6.0,0.0,2,1.0,0.0,0,18.0,1.0,9,19.0,1.0,10,1.0,0.625,0,5.0,0.0,0,9.0,0.0,3,10.0,0.0,4,11.0,1.0,5,4.0,0.0,0,4.0,0.0,1,7.0,0.0,2,6.0,0.0,2
Shaquille O'Neal,45.0,3.0,17,20.0,1.0,6,25.0,2.0,11,1.0,0.167,0,0.0,0.0,0,1.0,0.0,0,0.0,0.0,0,11.0,0.0,4,18.0,0.0,6,1.0,0.0,0,7.0,0.0,2,11.0,1.0,5,17.0,1.0,8,6.0,0.0,1,4.0,0.0,1,4.0,0.0,0,6.0,0.0,2,6.0,1.0,3
Shareef Abdur-Rahim,50.0,2.0,21,21.0,1.0,7,30.0,3.0,16,0.75,0.143,0,2.0,0.0,0,4.0,0.0,0,1.0,0.0,0,16.0,0.0,5,16.0,0.0,6,1.0,0.0,0,7.0,0.0,2,14.0,0.0,6,18.0,3.0,9,9.0,0.0,3,5.0,0.0,1,7.0,0.0,1,8.0,0.0,3,6.0,0.0,2
Shawn Marion,35.0,4.0,17,13.0,2.0,7,22.0,5.0,13,0.818,0.222,0,3.0,0.0,1,7.0,0.0,3,1.0,0.0,0,11.0,0.0,2,11.0,0.0,3,1.0,0.0,0,7.0,0.0,2,16.0,2.0,7,23.0,2.0,9,5.0,0.0,1,6.0,0.0,1,5.0,0.0,1,5.0,0.0,1,6.0,0.0,2
Stephen Curry,50.0,3.0,25,16.0,1.0,8,29.0,4.0,19,0.64,0.176,0,9.0,1.0,4,20.0,4.0,11,0.8,0.077,0,13.0,0.0,4,13.0,0.0,4,1.0,0.0,0,3.0,0.0,0,10.0,0.0,4,10.0,1.0,5,14.0,1.0,6,2.0,0.0,0,6.0,0.0,1,7.0,0.0,3,6.0,0.0,2
Stephon Marbury,43.0,2.0,22,18.0,1.0,8,34.0,2.0,18,0.857,0.167,0,6.0,0.0,1,8.0,0.0,3,1.0,0.0,0,16.0,0.0,4,17.0,0.0,5,1.0,0.0,0,5.0,0.0,0,8.0,0.0,2,8.0,0.0,3,15.0,0.0,8,2.0,0.0,0,5.0,0.0,1,7.0,0.0,3,6.0,0.0,2
Steve Francis,33.0,2.0,16,11.0,1.0,5,27.0,5.0,14,0.818,0.091,0,4.0,0.0,0,10.0,0.0,3,1.0,0.0,0,13.0,0.0,4,16.0,0.0,5,1.0,0.25,0,4.0,0.0,1,10.0,0.0,4,11.0,2.0,5,13.0,1.0,6,2.0,0.0,0,5.0,0.0,1,8.0,1.0,3,6.0,0.0,3
Steve Nash,30.0,1.0,12,13.0,0.0,4,19.0,2.0,8,1.0,0.0,0,4.0,0.0,0,7.0,0.0,2,1.0,0.0,0,9.0,0.0,2,9.0,0.0,2,1.0,0.0,0,2.0,0.0,0,8.0,0.0,2,8.0,0.0,3,17.0,0.0,10,1.0,0.0,0,3.0,0.0,0,7.0,0.0,3,4.0,0.0,0
Tim Duncan,32.0,3.0,13,12.0,0.0,5,24.0,1.0,10,1.0,0.0,0,1.0,0.0,0,2.0,0.0,0,1.0,0.0,0,8.0,0.0,2,15.0,0.0,4,1.0,0.0,0,7.0,0.0,2,13.0,2.0,6,18.0,3.0,9,10.0,0.0,2,6.0,0.0,1,3.0,0.0,0,6.0,0.0,1,5.0,0.0,2
Tony Parker,37.0,2.0,16,14.0,1.0,6,27.0,4.0,13,1.0,0.2,0,2.0,0.0,0,4.0,0.0,0,1.0,0.0,0,11.0,0.0,2,13.0,0.0,3,1.0,0.0,0,2.0,0.0,0,6.0,0.0,2,6.0,0.0,2,10.0,1.0,5,2.0,0.0,0,2.0,0.0,0,6.0,0.0,2,4.0,0.0,1
Tracy McGrady,45.0,0.0,24,17.0,0.0,8,32.0,3.0,20,0.722,0.0,0,5.0,0.0,1,11.0,1.0,5,1.0,0.0,0,15.0,0.0,4,18.0,0.0,6,1.0,0.0,0,4.0,0.0,0,12.0,1.0,4,12.0,1.0,5,13.0,1.0,6,3.0,0.0,0,4.0,0.0,1,7.0,0.0,3,5.0,0.0,1
Trae Young,56.0,9.0,28,17.0,3.0,9,31.0,12.0,20,0.75,0.176,0,8.0,0.0,3,15.0,4.0,8,0.8,0.0,0,15.0,0.0,6,15.0,0.0,7,1.0,0.5,0,5.0,0.0,0,9.0,0.0,3,9.0,0.0,3,16.0,4.0,9,1.0,0.0,0,4.0,0.0,0,9.0,1.0,3,5.0,0.0,1
Tyrese Haliburton,43.0,1.0,20,14.0,0.0,7,24.0,8.0,15,0.8,0.0,0,10.0,0.0,2,16.0,2.0,7,0.875,0.0,0,12.0,0.0,3,15.0,0.0,3,1.0,0.0,0,3.0,0.0,0,9.0,0.0,3,9.0,0.0,3,19.0,4.0,10,3.0,0.0,0,5.0,0.0,1,7.0,0.0,2,4.0,0.0,1
Tyson Chandler,28.0,1.0,10,12.0,0.0,3,13.0,1.0,6,1.0,0.0,0,0.0,0.0,0,0.0,0.0,0,,,0,11.0,0.0,2,14.0,0.0,3,1.0,0.0,0,10.0,0.0,4,18.0,1.0,6,28.0,2.0,10,5.0,0.0,0,5.0,0.0,1,3.0,0.0,0,4.0,0.0,1,6.0,0.0,2
Victor Oladipo,47.0,5.0,23,15.0,2.0,8,29.0,9.0,17,0.818,0.19,0,6.0,0.0,2,13.0,2.0,5,0.75,0.0,0,12.0,0.0,3,14.0,0.0,4,1.0,0.0,0,3.0,0.0,0,13.0,1.0,4,15.0,1.0,5,12.0,0.0,4,4.0,0.0,0,7.0,0.0,2,10.0,0.0,2,5.0,0.0,2
Vince Carter,46.0,8.0,25,16.0,3.0,8,30.0,9.0,19,0.765,0.2,0,9.0,0.0,1,20.0,0.0,5,1.0,0.0,0,14.0,0.0,5,18.0,0.0,7,1.0,0.0,0,4.0,0.0,1,12.0,1.0,4,16.0,2.0,6,13.0,1.0,4,3.0,0.0,0,4.0,0.0,1,8.0,0.0,2,6.0,0.0,3
Vlade Divac,34.0,1.0,12,11.0,0.0,4,22.0,2.0,9,1.0,0.0,0,1.0,0.0,0,2.0,0.0,0,1.0,0.0,0,12.0,0.0,2,16.0,0.0,4,1.0,0.333,0,9.0,0.0,2,12.0,0.0,5,19.0,0.0,8,7.0,0.0,2,6.0,0.0,1,4.0,0.0,1,7.0,0.0,2,6.0,0.0,2
Wally Szczerbiak,37.0,3.0,18,14.0,1.0,7,24.0,6.0,14,0.818,0.167,0,3.0,0.0,1,6.0,0.0,2,1.0,0.0,0,13.0,0.0,2,13.0,0.0,3,1.0,0.0,0,5.0,0.0,1,9.0,0.0,3,14.0,1.0,4,8.0,0.0,3,2.0,0.0,0,3.0,0.0,0,6.0,0.0,2,6.0,0.0,2
Yao Ming,33.0,7.0,19,13.0,2.0,7,23.0,7.0,13,1.0,0.25,0,1.0,0.0,0,1.0,0.0,0,1.0,1.0,1,17.0,0.0,4,19.0,0.0,5,1.0,0.0,0,7.0,0.0,2,15.0,0.0,7,19.0,1.0,9,6.0,0.0,1,6.0,0.0,1,2.0,0.0,0,6.0,0.0,3,6.0,0.0,3
Zach LaVine,39.0,0.0,24,14.0,0.0,8,27.0,0.0,17,0.769,0.143,0,7.0,0.0,2,13.0,0.0,7,1.0,0.0,0,11.0,0.0,4,13.0,0.0,5,1.0,0.0,0,3.0,0.0,0,9.0,0.0,4,9.0,1.0,4,9.0,0.0,4,2.0,0.0,0,3.0,0.0,0,7.0,0.0,2,5.0,0.0,1
Zach Randolph,38.0,3.0,15,15.0,1.0,6,23.0,3.0,13,0.818,0.235,0,1.0,0.0,0,2.0,0.0,0,1.0,0.0,0,9.0,0.0,2,14.0,0.0,3,1.0,0.0,0,10.0,0.0,4,15.0,2.0,7,22.0,4.0,11,6.0,0.0,1,3.0,0.0,0,4.0,0.0,0,7.0,0.0,1,5.0,0.0,2
Zion Williamson,39.0,12.0,27,16.0,4.0,10,28.0,6.0,17,0.933,0.318,0,1.0,0.0,0,3.0,0.0,0,1.0,0.0,0,12.0,1.0,6,18.0,2.0,8,1.0,0.25,0,8.0,0.0,2,12.0,0.0,4,15.0,1.0,7,8.0,0.0,3,3.0,0.0,0,5.0,0.0,0,7.0,0.0,2,6.0,0.0,2
Zydrunas Ilgauskas,35.0,6.0,16,12.0,0.0,5,24.0,3.0,12,0.846,0.0,0,1.0,0.0,0,1.0,0.0,0,1.0,0.0,0,17.0,0.0,5,19.0,0.0,6,1.0,0.167,0,12.0,0.0,3,13.0,0.0,4,18.0,1.0,8,5.0,0.0,1,7.0,0.0,2,5.0,0.0,0,7.0,0.0,2,6.0,1.0,4
